temperature,vibration,pressure,anomaly
0.0479180940383142,0.6940889453950072,-0.6928163967157936,1
-0.272422092053797,0.387667043676756,-0.1529589336628481,1
0.1240831391609414,-0.1706725691782829,-0.8120901780240897,1
0.5656839508951462,-0.6267453052428512,-0.3192347279091512,1
2.988157170186054,3.0651179466783747,-1.9323717994377667,-1
7.070916768969672,6.371755856367311,0.2110553631358638,-1
0.5940276835911932,0.3686639064602802,-0.0047089685708944,1
0.1844938773093397,0.2008261006709351,-0.8371864678628889,1
-0.4395142185503103,0.468299387096122,0.6647369556461696,1
0.0710468805688407,-0.5546445302979139,0.9478855892312812,1
-0.4364586783360216,0.641184777932449,-1.6413588435275008,1
-0.4376250895245114,-0.0816166222569673,-0.7818803332749915,1
-0.0806016448157314,1.1303702564794291,-0.7884091394825314,1
-1.167899621893914,-0.6540173736573733,-0.9621296662714997,1
-1.072872696552163,0.9113618532055144,0.8379166908387587,1
-0.4863375074392649,-0.0814157635648675,-0.2031210421055034,1
-0.713632176829765,-0.6296378328222205,-0.2750349833821588,1
-0.0441345651073324,-0.5214996959064764,-2.044530406908019,1
3.8129875452852096,2.075666433543419,0.6404963158490707,-1
-0.915162039919816,0.0646267060817726,-1.2666736491475652,1
0.5367357745869408,0.1283156109088352,0.055036097012393,1
-0.316571007597817,-0.5794726632799574,0.2762493406128402,1
-0.1686018613214789,-0.2248829179313331,1.378307388562252,1
-0.9214401562486992,1.173623328347945,-1.337441363227055,1
-0.4773047151660444,0.905926529508334,-3.0777843334224237,1
-0.1467098344633711,0.0724742349906128,0.1811008484040683,1
-0.7833337342967213,-0.1846322271202613,1.8257838859487725,1
-0.0131333177750645,-0.1316851499069685,1.2544855220649462,1
-0.505685278796646,0.1868490553902506,0.2073580782917911,1
-0.3498256918135632,-0.8693515146364913,-0.5060929945186778,1
-0.5062240347645903,-0.3752931888452838,0.8151770167777479,1
0.731786391064025,-1.286194982777166,-0.9963558966295288,1
-0.2094783681848382,0.0485266907720679,0.4786790827160294,1
-0.7362735848191024,0.2085874033926626,0.5082960740609899,1
0.2122964053251821,-0.5210482676298052,1.0726510594146326,1
-0.8185723870280409,0.8068094238946365,2.801557554587813,1
-0.0972995912408501,-1.000365950241095,0.3932823274252271,1
-1.1913028451763363,-1.1543826759092983,-0.5237207690190553,1
-0.8727255379286564,-0.0642841398607418,-0.0319529269466355,1
-0.1033546596195138,0.4667151205157174,-1.8056744220598848,1
0.1698797400410049,0.877773747785821,-0.7126898481308487,1
-0.1162155965413384,-0.5053617605173977,-0.4223118194458669,1
-0.2610125400951878,0.4871009129926676,-0.5391076970954344,1
4.222842614979477,3.173826163239525,0.1490602823277536,-1
-0.9485684947239688,-0.3205895180789291,-0.8426101759783236,1
-0.5658232531172791,0.3612194395869167,1.1345260181205137,1
-0.435056740463079,0.2118967236367078,-0.0057246843424932,1
0.3306382797019654,-1.2266872347565156,-0.0153968607729306,1
-0.0293172153838556,0.7439100199197778,-0.3395134143023309,1
-1.0921050215476005,0.6816544261634716,0.1519452469366881,1
-0.0391720816685258,-0.6129488338892957,0.8334642548898024,1
-0.3969392577646673,0.0463194251310769,-0.888095417245032,1
-0.5441694347301067,0.1097224554986351,-0.6754588809434721,1
0.1059153248776349,-0.0409037114757536,-0.3149258136221588,1
0.3174596407785103,-0.5643718291587267,-1.3751340798424914,1
0.2671522137701502,-0.6426799277189511,-0.8393932954943042,1
-0.626045878994638,-0.2256571536827278,-0.4904104906897109,1
-0.358663660873007,0.5478068396362249,0.8836095244262437,1
-0.0355501159454664,0.141718722450071,0.2611769344969017,1
0.2894834610883278,-0.4483855637332229,0.1910100436153792,1
-0.4444076954006781,0.2889510596758423,0.8597111354292016,1
-0.2963322248576467,-2.047830907499246,-0.1456881752991957,1
-0.7608039220885214,0.5323390720690158,0.3912973916958315,1
-0.806143257493822,-1.332107560567471,-0.1109462213943381,1
0.2072418762451625,-0.443109829269437,0.2640265046426745,1
0.4815401754084089,-0.9318835879761648,-0.5987948812935133,1
-0.2389975308270066,-1.0448495118817462,-2.487024219658561,1
0.3036030074093162,0.5401242245055726,-0.142541944969669,1
-0.020227450686581,-0.5110528901614831,1.4414731193217984,1
-0.528125524517326,0.014497641290072,0.9363340435900278,1
-0.0203487399042348,-0.2394487398684866,0.9761952642380844,1
0.5732546838246303,0.0987562175461072,1.251621087937544,1
-0.2207430284328122,-0.1595758402830668,0.0842589439800209,1
0.5866776903801739,-1.0373043706353495,0.1948004184259216,1
-1.524303973958674,0.4339045749317784,-0.6342929193908579,1
0.2119723171458626,-0.5278710359374404,-0.3274866469372468,1
-0.1587547927464621,-1.2139001716351128,0.6205088984065441,1
-0.3535153291312226,-0.4855010175741152,1.2188158823452635,1
-0.1563767747472607,0.7595431083221638,-0.1477986194181584,1
-1.2053775019658417,0.3396358586008029,-0.4639276792687228,1
-0.3134913933666712,-0.4342094735784994,-0.0053982283882401,1
-0.0225094870894245,-0.4346003549362296,0.6056920545647315,1
0.542913391967622,-0.4167705718512265,-1.4748163154736211,1
-0.4641312207634386,1.131330152160255,-2.34191571841229,1
-0.6105459729883977,0.0373678997724845,-0.5660145764671527,1
-0.4558004917158012,0.0684193349128899,-1.2478062251697823,1
0.2591419231937225,0.4558615250374899,-0.5228830685798067,1
-0.0368175567690982,-0.0550297185131924,-0.1562771155172062,1
-0.4699278018393866,-0.3763683005052975,-0.467039847216574,1
0.0562690558598094,-0.3359018743510229,1.47170764043318,1
-0.1536945168203034,-0.2553795477716024,0.3264728538304292,1
0.2860024122045858,-0.2331886843952883,0.2997471070838181,1
-0.5568478163953928,0.2605054326147807,0.6270564469897802,1
-0.3679713829781894,-0.1756327257697405,-1.1645077128830617,1
-0.4004837392481375,0.2637396160409628,1.0511872481702582,1
-0.9409975942143745,-0.2612632762512293,-0.0830128380502875,1
-0.053279480661172,-0.1584053975930954,0.6761666384650183,1
-0.0709694197702778,-1.4989548740043217,-1.0963709432258073,1
-0.2000894682978762,0.3823057076693155,-1.5866252172383282,1
-0.3210159833738834,0.0144876971817096,0.8261307023393782,1
-0.9167093308349056,0.4350298285341591,0.3769984486349795,1
-0.4148804517202363,-2.078628387909061,-0.9236220432344036,1
-0.3755651508492453,1.138834931537604,-0.8906721846615636,1
-0.6074098957372018,-0.2992644657960514,1.1390064712401269,1
-0.2840361600169537,0.506143760216759,-1.2159631637661028,1
0.001170401495302,-0.8803977935692058,1.6652098667571962,1
0.7488924900294351,0.1863687769365573,-0.9221664232996356,1
-0.1145964203997653,-0.889117950876844,0.6435217574178094,1
-0.0727375968963064,-0.6117910157209091,-0.3402497183697722,1
-0.2402263642742393,1.0263003347435526,0.6077070676423701,1
-1.1706697608576155,-0.3322436676664404,-0.5594804026523261,1
-0.2160451363699369,-0.0688147066081696,-0.1715499141327483,1
-0.1722836256080028,0.3524459847718823,0.0356930842261568,1
1.0400114923952362,0.1107885907009173,-1.0254935881370142,1
-0.2997133098480798,-0.1120706715359039,0.7477296259839029,1
-0.0505415813092084,0.0264112854242553,-0.5280443734928264,1
-0.2201808908262354,1.3421865263651762,-0.2384975483397849,1
-0.7922553649964812,-0.2463541920128281,-1.017519650450261,1
0.3738733567697793,-0.0793578134469416,-2.6126816167548217,1
0.1766734287602641,0.4690104964754079,-0.2002741620168328,1
0.1963984342598829,0.5044288032465564,2.44849765487596,1
-0.6614458973571825,0.5570379888546172,0.7922684009142636,1
0.5050263384081892,0.2031229786241141,-0.0255295558607415,1
-0.9098887898528776,-0.9469458019337816,-0.2733828224742966,1
4.2045341929538855,3.9163756523681954,0.0169199531254129,-1
0.902393478225772,-0.9491020046243976,0.5506669263910822,1
-0.7023846789069496,-0.0138184059581068,-1.2072150394354404,1
-0.4883606128245002,-0.6960301914157792,1.1277007596526047,1
-0.1523960528998976,-0.2505624103194092,0.7218455950410079,1
-0.4566675132878034,0.0030459322163913,0.7246986138119609,1
-0.9849631194331356,-0.0017339496237736,0.4401404475118612,1
-0.1680798302982018,0.0631774865166293,0.0140213325593674,1
-0.7385905981260544,0.8324506727067043,0.6785885201673122,1
0.0362534197490882,0.0835832994001607,0.5961366383129766,1
-0.666509350726501,-0.3667600480724296,-0.3661125940922937,1
4.369053618014927,4.014065315283244,-0.5894792814026211,-1
-0.5978124924622787,0.5586130707235907,0.0976864198272368,1
-0.3651459217830589,-1.0015550167963698,1.5699337923007923,1
0.2077420249491713,0.1764453222262334,-1.2665197071505994,1
-0.8236277115644243,0.2434281798598963,-1.498897042135355,1
-0.0879179266368666,-0.4012329449894066,0.1616812826955672,1
0.4567710987908234,0.6788243065603959,0.045834393950961,1
-1.0136281336638502,-0.3060199999540904,0.1704108361999026,1
-0.1095232473970918,-0.1281058989628913,0.2422462709158933,1
4.719226959718151,3.652455451748754,-0.2330063306338407,-1
0.1917525492460988,-0.1991066779162645,1.509751723251791,1
-0.8266982357940558,-0.9167827811987644,-1.6345875919691824,1
-0.8688261160021578,-1.138682098573064,-0.8487926018845284,1
0.0606450676789032,0.8200535114837159,-0.1109798007209865,1
-0.0528434015663835,-0.7558565348068667,-1.6776053425418065,1
-0.0762980543933962,-0.8490834023209974,-0.1848378058652048,1
-0.0278895494992016,-1.599126057681369,1.684332889041516,1
-0.5457347261243066,-0.621597607997305,0.0153131729817111,1
-0.0854995220761518,-1.063186423267808,0.2287642783469992,1
-0.0548170667306021,0.8507201791343194,-1.2879423870570268,1
-0.5630521961197239,0.4426509604471781,-0.6329800641339177,1
0.7385951508850891,-0.653347708911301,-0.3876349521361039,1
0.0363747446530334,1.244732573774756,-0.329157352426535,1
-0.8036696797429659,0.4245443005519036,1.2979230337328889,1
0.1285554772782431,-0.41883373034697,0.5614221141956709,1
-0.6943861664082678,-1.8224711176978852,-1.136658061684518,1
0.1944070396241237,1.2695878005626064,0.2448420776762709,1
0.3818305563871781,-1.1060994497795682,0.5009220275649301,1
-0.6166950562407342,-1.2712293910130907,1.1539757657349354,1
0.2833443251552446,0.4508829478862426,1.6020006689993618,1
0.0055746332752088,1.3656411031525455,-1.0386240350796117,1
0.2120518528058227,0.6843534646047981,-0.8308473447575248,1
0.7542436549722733,0.1548276894805394,-1.2853106422655014,1
-0.3264649694964076,0.1747375659343143,-0.2440114353371045,1
-0.5829214009499047,0.3416973933192196,0.4685063695025338,1
4.125076101293225,3.763144569741813,0.9985125281606996,-1
-0.6142371648409141,-0.0276600381469194,-0.0832028118490586,1
-0.2415661852174504,-0.1419031922173663,-0.3313267400159599,1
-0.0305614461468909,-0.2495650074261147,0.1484530568975876,1
-0.0630814549993002,-0.6958292795477261,-0.8555536709146371,1
0.2146363992358975,-0.3903318566718006,2.119821105559723,1
-0.1961098327769327,-1.301927022399274,-1.641461759718284,1
0.5306240355371497,-0.2726385448962019,0.1820073267332057,1
-0.3361858417940217,-0.8472752652643969,2.052745802996845,1
1.1696285837812002,-0.9215039475390292,0.0009823671521471,1
0.1129736721173914,-0.0930450826175916,-0.1992682969221731,1
-0.6350964436774199,0.6893426571468771,-0.3695763194210892,1
-0.7429235526602745,0.3835895167776311,-0.1894537272752071,1
0.040733281865805,-1.2228843734572268,1.390708553096962,1
-0.3154038626778292,-0.8479446437463761,-2.256135184842278,1
0.1575368479954692,0.3980834296037642,1.5540771840441514,1
2.632066158816541,3.0412231990396097,-1.454573767990094,-1
-0.2394106026156643,-0.354158090303377,-0.2772095201258454,1
-0.6298679924077425,0.1458833032108221,-0.4426198002563825,1
-0.9668942067930346,-0.8342065199429688,0.592819254181168,1
-0.4279314171664543,-0.1411451427896566,-1.6317597864445823,1
0.2293753453411065,-1.0702451654206695,0.4642481107608758,1
-0.0946610340849336,-0.5973314843748999,2.053461399071584,1
-0.8311317268310532,-0.0027507572385981,-1.3927370731761697,1
-0.1153011357052785,-1.2374031680749682,0.1870589833970114,1
-0.0082804475788021,0.0751536534681286,-0.679391573180291,1
-0.6485662620666582,-0.2218383370324692,0.4273337193805608,1
-0.1251163994013948,0.1474568824279811,0.0135443252359259,1
-0.173303447552251,-0.0646312027545375,-0.6585410624114226,1
-0.779286071166518,0.6713584738890693,0.4903931779368542,1
3.2899333008767915,3.642056133539572,1.8296873192388,-1
4.048160078594947,2.4589950012891766,-0.2001480423718054,-1
0.3437192056172881,-0.1302223855604889,0.7262980812897715,1
0.3289632855207314,0.1415237073968583,-1.321624440058759,1
-0.8976893702150869,-0.1776245482234316,-0.9789495112505764,1
-0.675792370453191,-0.1829615955254183,0.4746591005159491,1
0.057160910220126,-0.6622819751375775,1.5039046940215317,1
0.0565306428271819,-0.637049787927424,0.3558418136948532,1
0.0571671755287228,-1.114511823708051,-0.3244195658272119,1
1.7409947825273742,0.9201486908364984,-0.0066562148527113,1
0.0853393137142811,-1.012047514241469,-1.2780162384113964,1
0.3702121859670876,-0.6564168561968009,0.6090579791636952,1
0.2786150527690262,-0.6728778505463837,0.8916910963769187,1
0.1259511203961429,0.368490374473999,-0.465861698231987,1
-0.361719289709334,-0.3995457814206696,-0.4841246697971738,1
0.1802231141022861,0.5962260289888699,0.2645513265851655,1
-0.592551633041612,-0.6438851984355272,-0.4502246847427281,1
-0.3221417390404743,-0.0290783197349058,-0.0732142215353622,1
-0.4475301394756499,-0.7483597762289697,2.130180674909393,1
-0.161364482855044,1.1754815071953575,-0.2572427056575789,1
0.9650526014249023,-0.9757298778660576,-0.3704865568651801,1
-1.1446854951077443,-0.0091804966638795,-0.6647009077931876,1
0.1435421462908536,0.1999257116206875,0.7511556227195973,1
-1.0162679457397734,0.0579351450870776,-0.1903006482047043,1
-0.4407539921973017,-0.3287614866728678,-0.6665638810143095,1
0.3466953697361385,-0.2929588486601623,1.3382706971020517,1
-0.1702405379888471,-0.1808833015761163,1.438273473549781,1
-0.7463804583138024,-0.3040489812693042,-0.6167659731385182,1
-0.5635326173828017,0.4129990626770929,-1.904827801071015,1
0.1401810121978654,1.2176788292750569,1.0190414645799104,1
-0.571131708897227,-0.5690106331964498,-0.702431770089025,1
-0.0934679935540154,-1.0933387034851303,0.7983940788395278,1
-0.1796786245321383,-0.2661466108538077,-2.0101867274027243,1
-0.5313949179182436,1.4559800621751118,0.9021332818079444,1
0.8789288800889603,-0.7279159202235977,-1.2381003642611583,1
0.117136558187731,0.8488493582802142,0.7374950269426199,1
3.0893446848668447,3.4487698479260813,0.0085851229045421,-1
-0.1086048457002604,-0.5664909863672895,-0.9764092743679692,1
-0.5365337106535275,0.1581028126336671,-0.4200267624431176,1
0.2273748112528519,0.8419297287783569,0.6922789935423984,1
-0.6024878249677925,-0.453880772085234,0.1017945705825684,1
-0.2605525256041378,-0.3405690018192676,0.5886072017488522,1
0.0520918021304384,-0.584624155925499,2.004762652035829,1
0.2340955541108471,-0.8641645695006777,-1.5972897608309662,1
-0.8082065114998316,-0.628256216382933,1.639308186809712,1
-0.3714216340952631,-0.9991876992278476,0.1002293880857109,1
-0.4422742448054547,-0.1871625027644002,-0.9202979019127804,1
-0.5322671228390569,-0.70616248746675,-1.3593071293466312,1
0.6879845923289684,-0.0582591987737594,-0.1983337299483783,1
0.0016400079654483,-1.2134572115621076,0.9316896236475072,1
-0.8387723142329271,0.004412937230256,-0.1356952521595112,1
0.2603828821387216,0.3288610552394724,1.5314122577488092,1
0.8679371095303984,-1.4960727927888553,-1.482264081214584,1
0.3181990907523966,0.0322822635975393,-0.0182338224101037,1
-0.9691758838640326,0.5832693204311316,-1.2800363669339536,1
-0.446960330819303,-0.9899578656397106,0.3639993318122135,1
0.436474662308158,0.8704441615400286,0.8963243637637561,1
-0.5596812189415118,0.0613044773817973,-0.4339901452966738,1
0.0212332421430425,-0.6642314236304968,-2.6552877189947326,1
0.1881258633448633,-0.2451602409785298,0.1964611526915153,1
-0.6702961712900655,0.1512245037531346,0.43837314998198,1
-0.2326990933238416,-0.1601028719029765,0.405367008801327,1
-1.837855634526996,0.138591927930638,1.2512665169253845,1
-0.7194623243934987,-0.803436082288792,-1.0955534619408809,1
-0.3300872244846258,-0.0998441014149393,0.686070870714913,1
-0.8321631075246104,-1.121682571323971,1.2072417627935808,1
0.6208657811193757,-0.2809564400670797,-1.8153509659620009,1
-0.9241609667526492,-0.7926140486699343,0.3192569740980206,1
-0.424667133052422,-0.6839301421562637,-0.5188540573837845,1
-0.1367118608528904,0.5887069353598021,-0.0888710340349664,1
0.5244385923730496,0.4952528254758858,0.3477673797213116,1
-0.9270470387845938,0.1840219624362483,-0.5016089762290324,1
0.3841351533802741,-0.9142251939357374,-0.6933553839349742,1
-0.1975066798456321,-0.4133969215693918,0.0288090389213632,1
-0.6978303089490481,0.5738638884660081,-1.11202637962686,1
0.0304573578544836,-0.1176876055918191,-1.1105809429215991,1
-0.1022455590096136,1.2879109308271126,0.6852134396805326,1
-0.5054724785399641,0.0447149671725703,-1.174641281638152,1
-0.1674547117854176,-0.0851993338923079,0.6719262766763188,1
-0.3970559545638917,-0.4086901137507836,0.4646739935401355,1
-0.1454008066254734,-0.1229650300267286,-1.7616552665608245,1
0.1313690504198061,-0.3075783420159769,-0.6952441368674896,1
0.5974602328630301,0.2479051649269601,1.208871418738638,1
-0.8271345125379582,0.4083666044268962,-1.00410729301576,1
0.8734245352651906,-0.716500592784736,-0.4783890635598501,1
-1.1874776394868811,-1.0684426446226074,0.4641344005858724,1
-0.2792431953433733,-1.394390650828603,0.791033584020768,1
0.0941309048872124,0.118734048560969,-0.2618341174514715,1
-0.0609116096381205,-0.921360192717466,-0.613802104983157,1
-0.5168147435990148,-1.598803628665396,1.441088288335877,1
-0.3076647184687346,0.0416559007862127,1.7631044632442967,1
-0.4513831236236605,1.4000108806401588,0.9898891407958782,1
-0.499997694023835,-0.2130812253111504,0.0808616133280977,1
0.2259464805279203,0.3320637905585749,-0.8282106320127102,1
-0.0225584657624669,-0.1563436359478306,-0.8507737373938541,1
-0.5522350141355462,-0.2729935742014189,0.5256354408182164,1
0.2511698523372631,0.3840799997798393,0.419714928398921,1
-0.0476396656099243,-0.3965280905909153,1.4199569936925849,1
0.207411534388659,-0.0365670441227049,0.6557889270957747,1
0.1149722057174097,-0.0015141061824102,-1.5350683492852684,1
-0.6208887252815916,-0.6403995133319849,1.0642455603684244,1
-0.4852748050941494,0.4311777774051288,-1.0212952298508369,1
0.174332884637441,-0.322095064915337,-0.3965619379007313,1
0.1052564493227045,-0.696978596664948,0.2486015578997958,1
-0.2132137973166406,0.1371420908317684,2.024322814929888,1
-0.1434786810914033,-0.7891028742840258,3.1578870602325715,1
0.441899818334979,-0.1909723077996266,0.6113039783100106,1
-0.501110917419277,-0.2150486936797997,-0.192307281866523,1
0.0733359213330929,0.4917578557288636,0.5378348320024599,1
-0.3046732964925774,0.0972441271309662,0.8971057118115956,1
-0.3124871131831294,-0.2253169149309098,-0.3321610570524103,1
0.3516526156724467,0.3186866215759113,1.8203921991135876,1
0.21374501609297,0.6881841957520576,0.2281232095661109,1
0.207738200225435,0.1508910464304333,0.500435071613911,1
0.4559316543511715,-0.202480216024232,0.6715312983510862,1
-0.192072930332943,-1.0559225101363576,0.4229585820985158,1
0.1413691979767898,-0.8966688035408261,0.8475464164922021,1
-0.3591955852571453,-0.406178072867094,-0.633887299730465,1
-0.0391305202338413,-0.6025886081436361,-0.5739140690721739,1
-0.2683250054594444,-0.329848239966387,-1.1251584116376685,1
-0.1537356752996078,-0.172596377440424,0.4411837140479838,1
0.0975815241351496,0.1327418175666965,0.7865023775065032,1
-0.6154531863053463,-0.254667921580501,0.4597720496303148,1
0.8529189908290541,0.1048629556361394,1.69758087005203,1
-0.7101947147364923,-0.1675458503462494,-0.011628352239069,1
-0.8152149883073396,-1.484280527037577,0.6743975356041991,1
0.3815860273777334,-0.8154818426269342,-1.1165585337928374,1
0.1967166396798682,-0.302167773908721,-0.3997445931309689,1
0.1121929585777865,-0.9899925433347052,0.7016580911748421,1
0.1143247774146056,0.1780775138097179,0.8578841567286436,1
-0.2088475278959591,0.7789016314233133,-0.3049975795360761,1
-0.6553248799597476,0.5775199672693524,-0.0787756113301435,1
-0.1644265249699076,-0.3469350242317683,-1.5501182071993898,1
-0.544290366600914,0.7530666170933631,-0.3691528830915792,1
0.2892688542814368,-0.1132011906343685,0.8998807290045312,1
-0.2768581118446847,-0.4267437829430329,0.5792396368493004,1
-0.6191241135505957,-0.6050998108974687,0.503408361536023,1
-0.364805050828277,-0.4043997726156297,0.044701070194163,1
0.0056505727901783,-0.4597217421510842,0.0012502452112463,1
-0.4870624712432468,-0.0991628662203648,-0.6777017442805998,1
-0.6174710005864708,-0.1055158051384401,0.7050057904694318,1
-0.0797314301285817,-0.2071964569690993,0.4223342792709272,1
-0.0790860061854082,0.0728708805610099,0.4946116129360874,1
-0.458416842570973,0.5593720132767133,-0.5410878793197649,1
-0.4403032001592202,0.4037526188508304,-2.196601890776684,1
-0.0856023168291042,-1.1676298542384942,1.1102341888313143,1
-0.9332130097637592,-1.857659559240348,-0.4930724260611036,1
-0.9127203458868586,0.3939192798157553,-0.8836654903927,1
-0.5651169738116936,-1.0914511476939897,0.6995635598001714,1
3.5749687662173484,3.42932545162082,-0.40474268592673,-1
-0.0458194436640185,-0.9644434615079536,1.072372795013432,1
0.5416330836015792,-1.372299247289414,0.6217651008479128,1
0.2300114207148836,0.140339063199089,0.6894822093829931,1
-0.283356520519798,0.2808544883232828,-1.3955669947683804,1
3.205398016900032,2.505984710713747,1.2270151257381634,-1
-0.7084350456276086,-1.8816204068491935,0.2598434168295153,1
-0.2120088445090192,-0.5617507377078343,-0.3816131135680657,1
-0.3482945091797157,0.0437378223776004,0.1399384640272923,1
-0.0398609166808577,-1.1637657718388512,-1.8129578418363133,1
-0.6199987711960895,-0.0908080092056859,0.4098006029873051,1
0.0593358905955823,-0.2190447456627793,-1.0531488184328688,1
0.5705820714152862,0.1647566593619529,-1.382051294739119,1
-0.2575375464306433,-0.1319762330521404,-1.5546813923179352,1
-9.668230141660798e-06,-0.8372560662910148,1.1260391298410433,1
0.1455014846506296,0.5631966100517006,-0.6461056783454429,1
-0.4050808115835166,-0.3114897617323516,1.5543762886802064,1
-0.0896167723968905,-0.2267870405863345,-0.551023783355383,1
-0.1963164168792234,-0.811565453965788,-1.742886725041413,1
-0.1533925548228467,-0.4952910231816081,-1.141812361433938,1
-0.5926447463893969,-0.7802822603067312,1.251296455185341,1
-0.1903040211068523,-0.3207952702680912,-0.164535680507522,1
0.0485659287454733,0.895705603728931,-0.5637260322358446,1
0.529418068003423,-1.0946930193544713,0.1568564641324968,1
0.2812732413739072,-1.2506791192479532,0.5045447374046678,1
0.8835895430838555,0.7404437948901589,1.1308312162566914,1
-0.5897882133740646,-0.3442761800112557,1.4676705537116588,1
0.2374077532485814,-0.6410335555695044,-0.3719398105428987,1
-0.1101749740213461,0.4620718084330409,-1.3549672486731146,1
0.9020642014367648,-0.6000734027615513,-0.4265670410885208,1
-0.6104474372726273,0.9694844037050652,0.2588565788584928,1
-0.626300302790966,0.2284228628357502,-0.9863989815069192,1
-0.505056662004529,-0.5240981107864435,-0.9796764343297554,1
-1.2741529939590732,1.1833299153856698,0.3438113770645092,1
-0.4679072281232233,-0.6001375523592395,-0.0554309751928166,1
-0.5856438790193456,0.2698427899308931,0.027430123477868,1
-0.1267970162659585,-0.0159761607264241,-0.7775775809694158,1
-0.0302567337919801,0.6310812732496573,-0.2403295602346639,1
4.3236567848679055,3.490723832584231,-0.946188103962628,-1
0.2768100257619407,-0.1885046551654839,0.8996927743185942,1
-0.4937111948879433,-0.6954763853998225,1.047257848047905,1
-0.6559102394651538,0.087738776997694,-1.884122951647144,1
0.045499074530778,-0.6466121738540603,-0.9515572978990712,1
-0.868713409910278,1.0904322639138342,-1.5284037541152544,1
0.7212832056374805,-0.1210321971737131,-0.6672260590029773,1
0.3923464161421807,-0.4449691962767145,-0.090819528329732,1
-0.439363510364634,-0.0899557305555757,-1.4807070834038698,1
-1.0669281395578736,-1.0787014250460436,-0.9437736361577336,1
0.4803457177888857,-0.8363169604930247,-1.0272941821823836,1
-0.2604533448091788,0.5656767943498945,0.2049245306806968,1
0.4217966122014274,-0.6331726417839433,0.0646109357584151,1
-1.007041728183241,-0.8849193947569087,-0.7401826814241601,1
-0.5050477716370408,0.1372343352549526,0.1739503486567143,1
-0.2000237619879382,0.55618198915206,-0.5620909627228078,1
-0.1789679225059576,0.2549051250947802,-0.2822990138175972,1
3.9724041046153062,2.977651714639459,1.6965224948626814,-1
0.1115523146316411,-0.697656301577008,1.3577597629236922,1
3.122040212567206,1.3463313913912327,-1.328042059753764,-1
-0.2744981605434665,0.7599135225195259,0.838178731318959,1
-0.1419812298951314,-0.4174449580751385,0.8195250546270386,1
0.0568600157488643,-0.3710694975492261,-1.1741013358687966,1
0.1563333289321426,0.6481559770966199,0.827034079418559,1
-0.7700396772459354,0.1498710013338685,1.5586533682140702,1
-0.9766141855456244,0.0851024101663945,-1.1479370780111804,1
0.4419058349364847,1.1882962992296846,-0.9393411248289376,1
3.2524524193450537,3.300855932837584,1.0293651317790595,-1
3.634974676777685,4.10999102930551,0.2702657679479617,-1
0.5798712745926745,-0.1723619402488782,0.5550996085842577,1
-0.1443124761971058,-0.0357924946302568,0.340557269838619,1
3.1084553560481307,3.7702886361397967,0.3915324678207954,-1
-0.1686067666164604,0.1186336313254881,-1.355399047708018,1
0.8369572594388633,0.1382950644804943,1.0595353995773231,1
0.6828824857549944,0.4831160641687809,1.1839270161377744,1
-0.3282690415894891,-0.4447311303632687,-0.239302084406573,1
4.190896840586642,2.112457455558271,-0.0501658688229985,-1
0.1229164617240233,-0.8835627388347785,-1.563581342165672,1
0.4877915760147682,-1.4784002478033331,0.5172329332678626,1
-0.6894632486718865,1.1180715066892746,0.5760375059302958,1
0.1434368439344131,-0.921258052169,-0.0692043046735063,1
0.3312952569742218,-0.3519766842442904,1.137906302494919,1
-1.089935377712657,-0.3878391690365494,-0.3458030895454932,1
-0.7996110666881837,-0.0107386857928781,0.5684568338864967,1
-1.231441093927958,0.3173768931116043,-1.0432733957471867,1
-0.3385821691976341,0.3462531234647003,-0.0298957157511279,1
0.1593236308317034,-0.5855255802369742,-0.183311657477463,1
0.5552547309165274,-0.3170357896760198,0.2232778187348749,1
-0.1652890905052824,-0.0267637764247153,-0.381867232727956,1
0.6189508595476213,-0.3696869569658491,-0.1396867325767893,1
2.691911049043906,4.529458662915178,0.8344296089501221,-1
-1.062008309254732,0.1077503722673201,-0.4502699572742299,1
-0.230692405651037,0.2651840052882918,-1.6403590457739583,1
-0.0089120339569715,0.2187119201084891,1.77397389230001,1
-0.2191633238930414,0.5482876154673416,1.399463317005368,1
-1.2456727134313048,-0.0923173671445181,-1.3205966665307796,1
-0.2476293107848942,-1.0462375919238431,0.6957270889951942,1
-0.8607607799501468,0.0488267272254365,-0.5176281097601897,1
0.1351738494704074,-0.6295983878464729,0.2621188691018884,1
-0.0177240605260732,-0.5503724225305431,0.2933885419948405,1
-0.6768289691656855,0.1693218067400537,-0.2444061006845399,1
-0.4619098001273969,0.5901204626736144,-0.803285919447247,1
-0.7370316277048471,-0.1954322821346506,-0.7084454552208499,1
-0.2342901237594147,-0.0098180326166187,-0.9380074975287273,1
3.391632851177333,3.650421374495592,-0.8521754203376494,-1
-0.6999579420716397,-0.0537619887739507,-0.0742780215246478,1
0.0516171965108344,1.4701636262080482,-0.7341015087992656,1
-0.4701787424598278,0.1558607916881536,0.687938653454447,1
-0.6026654527316427,-1.345694190096587,1.5070890749310633,1
-0.2566648856858942,0.2771019833600788,-0.5960425723991899,1
2.591643036519015,2.526877827700376,0.2376187315208792,-1
-0.4819796111493734,0.623342951249588,0.5024107536444329,1
-0.8069863954954245,0.2253603849713392,0.4742480909510115,1
0.7885147353740906,-0.2985327247283962,0.0713364531043119,1
-0.1848790511807967,-0.9994187602702485,0.7496199046772246,1
2.963797251686071,2.3697910439214507,0.4846723772091226,-1
-0.0947184618779748,-0.75815385526267,-1.265050013822456,1
-0.2593375163945371,-0.5838770396170373,0.8782857031299397,1
-0.314146075747403,0.1707511414219277,0.8967348038342312,1
0.1071717120555274,0.8687221051592404,-0.7824513882763678,1
0.1794857969143544,0.0455887430049662,0.032660069072989,1
-0.4703016004890002,-0.9810774231285444,0.6892377133759903,1
-0.493163614026775,0.0778181368851263,-0.2188771690119025,1
-0.3414299451467893,0.5632353289683278,1.0856405083140714,1
-1.3639650219727677,-0.6027633401209574,2.398909872619071,1
-0.96706766932877,-0.2956675709172463,-0.8055447718495722,1
0.4869050409992203,-0.1996817028082814,-1.4109174206624584,1
0.6272003623192507,-0.7157962823825815,0.3031493083162188,1
-0.3283053099084068,0.209287419253643,0.7281339225397631,1
0.0881979814255418,-0.2872318223168869,-0.2408032910959141,1
-0.0456466110177411,0.0616358874914847,1.4725145164899855,1
1.3505949667376014,-0.7820182469098778,-1.3677430305805047,1
0.3621450255957236,-0.4915317977264685,0.698993559498297,1
-0.2672022820179787,0.2571178501756259,-0.6222974714429204,1
-0.6847296103151863,-0.4498177606790013,1.7432443373887705,1
-1.013105020920722,0.905552592591292,2.0211160427109958,1
-0.1000238158245546,-0.4671184983012728,-0.785880292066153,1
-0.5842404304935547,-0.0641338036603932,-0.565017881627006,1
-0.9201817181110922,0.39280319911478,0.8685516816576778,1
-0.5288586136723917,-1.124684836499367,-0.3997760768521525,1
-0.7482991470751095,-1.3457239161289294,-0.0521336633769272,1
0.6484766777523043,-1.193938423063079,0.0198931366757555,1
0.2421091548294318,0.6058062162325385,-1.958881957326714,1
-0.2066912719147065,-0.5653742495717817,-0.0200129323669904,1
0.5439476436602818,1.44209582159707,-0.707618080515098,1
-0.163637629240042,-0.573371354503474,-0.5076053989818459,1
2.1567222841008022,3.5700215755480285,1.4627189642401068,-1
3.452193378397971,3.3934781700603587,-1.2842211147295348,-1
0.0692054926604502,1.085723923813742,0.8213650356877624,1
-0.7259493137041547,1.1214902404136151,-0.2897334993844098,1
-0.2986930867322461,0.5708098345155123,-0.2905445559811919,1
-0.6444096779506768,0.4518460598918721,0.7981359783231058,1
-0.9002775862870432,0.1732998356650732,0.3400100242729108,1
0.2645780181888987,0.2932514623775541,0.5745680250538039,1
0.7606121622300598,-0.5649402118556852,0.9790307499635678,1
-0.9082323029882304,-0.737291029595977,-0.342986249644614,1
0.0813431113685724,-0.2113407265964967,-0.6287838981343018,1
-0.5309117283930315,-0.3190128263573678,-1.1098946477935918,1
-0.4484189678252633,-0.5017108056231865,-0.8456526092418302,1
-0.5015258781826569,0.2403393828158272,2.994275384313059,1
-0.6385437304223942,0.4074648034126929,1.260318123206884,1
-0.1781904864012034,-0.1520979940651649,-1.380427713221421,1
-0.6218750561594965,0.744548868579625,-1.3513152989898156,1
-0.0662264313902377,-0.9460964844014704,0.484282849644182,1
-0.2280137716588498,-0.3341652900169108,0.55081513368586,1
-0.323216019973741,-0.6718548052636197,0.5524622342142088,1
-0.6605258124218802,-1.4139687666128071,-0.2653102498056183,1
4.54525776709727,2.4664354682543097,-0.1335640818231494,-1
0.1784180521036033,-0.2877477905460044,0.3276272820377448,1
0.0500384823463885,0.7677341789455661,0.0814464410999355,1
-0.6958358556171457,0.1980117460063535,-2.263702576213177,1
-0.1525570152596096,-0.8702514766269452,-0.2397180580941585,1
0.1763980230509841,0.9876112350334372,-0.8720990973906702,1
-1.0448671777410563,0.5789863898649199,0.1723129989674677,1
0.0714505475151342,0.1665679989920483,3.031066797855748,1
-0.5369561170688225,-0.3553528349365687,0.3679158424824562,1
0.0851920823365709,-0.8284584077981,-0.3248993966268308,1
-0.5877256538637039,-0.4494134494588546,0.9318436377257904,1
2.3702665549477526,4.218655592405991,0.4851189197368213,-1
-1.0237477981700764,1.0072942379852958,0.4214405991974315,1
-0.1784107876770658,0.7869653774268962,0.6114337229222864,1
-0.071641788940999,-0.5247035768754893,2.0862540476277824,1
-0.6588877152394389,-0.9318497253975768,-1.1564253262072746,1
0.1194942594533742,-0.1182237817344403,0.4759061460717718,1
-1.040889164852712,-1.3506492618113015,-0.94837332045266,1
-0.2360057430908456,-0.0005653146054839,0.5592059416195421,1
2.0428186386928973,2.732938986858631,-0.940545332064676,-1
-0.5315138565446997,-0.5099783652100447,-0.4305363204413098,1
-0.1787570066239757,-1.2385065034282263,-0.3061400103537132,1
-0.6367389662097668,0.1223543859808809,0.9867950943285198,1
-0.3966735247041345,-0.553008651910546,0.9284385655385108,1
0.3049953546626703,-0.9643168251796288,-1.273244583487906,1
-0.4937052489003007,-2.063141355423822,0.0499509390155044,1
0.2189290342823713,-0.2269228266726893,-0.7278142549156288,1
-0.77259479868904,0.9347847838143786,-1.286253762502363,1
0.0646116757901635,0.8631417707380621,-0.2267139190262669,1
0.5245875841639499,-0.5042076438560474,-0.3197650216420127,1
-1.4495887222502155,-0.5978765356188463,2.4628431316595623,-1
-0.6046947244188121,0.0934203372493029,0.4345289274015752,1
0.0884578764983756,-0.8535972798460535,-1.407430916711173,1
-0.3051034919444499,-0.0143629079070641,-0.5804985020281067,1
-0.0154298287174452,0.2853244917219136,1.0331514703700773,1
-0.5073735524690066,0.5827943988407124,2.118706160786331,1
-0.1589854862518536,-0.2738097301616964,-1.6194083076257737,1
4.737033940346455,3.0068729686851445,-1.9184442256227128,-1
0.386465043656816,-0.7758800260464138,1.897459050371415,1
-0.0743164218104441,-0.7428947178949812,0.3904319745331998,1
-0.0323520384049485,-0.355349473971984,-0.8892780831627138,1
-0.4104569047790691,0.0279633373154977,0.5379604091740736,1
-0.4486615468807667,0.3805351333867093,-2.687368174357286,1
-0.4208903712430734,-0.7275960107373296,-0.0025013244467958,1
-0.0036720525257708,0.7543333215878468,0.327567919325156,1
-0.4150515535170084,-0.3841666001533822,0.9343550638828956,1
-0.0564806807398736,-0.2229546862876836,-1.0374050266032118,1
0.8443494855486647,-0.6914704326607416,0.0812370283253651,1
0.2368044170411481,-1.7739535569077465,-0.9474002375638122,1
-0.367144718627676,0.361468244366573,0.2538749531581616,1
0.4033310779998085,0.2664530844488858,-0.9168005902640364,1
-0.4085390396399089,-0.3907530175685422,-0.4211097399811219,1
-1.2308822994860635,-0.1659216353924156,-1.0190110809826332,1
-0.7112384686313096,0.123864228065391,0.6564869693259793,1
-1.1464646938119472,-1.2177497685989789,0.8673952078319006,1
-0.3800041406645059,-0.5506538475943787,-0.2446225582361154,1
3.984831905037545,4.291193623024218,0.0329654312139746,-1
0.6430764555332904,-1.0187773770755928,-1.4796350128630391,1
-0.0377376130203086,-0.0196777434024803,-0.3108062454247347,1
-0.3132031485351233,-1.084804741134512,-0.0570101458939453,1
0.2157575432510815,0.0919071628859679,2.6602836426801955,1
-1.3181644790932634,-0.2321683441472336,-1.137175954150287,1
-0.0838040018356136,-1.251692787728794,1.4836203076041543,1
0.1862245119537943,0.5426496959750468,1.0082018678309106,1
-0.9486009109274388,-0.6833244487618058,0.279565303084298,1
0.374343152194325,-0.7321617824077489,1.7831671022386806,1
-0.0319011529110807,-0.0796998190223401,0.3726197935052902,1
-0.4121776933174265,0.53225622450651,0.3899691066873481,1
4.995746851527437,3.0345067380973787,-0.059976725168932,-1
0.942872347483944,-0.1693496773323753,1.238841515705858,1
-0.1109194752627617,0.0676285309778004,1.1095388642479131,1
-0.0774443885444292,0.2382210309487208,-0.6424574146035089,1
-0.4344120673003237,-0.095273653324706,-1.3480488850927548,1
-0.6314070150778569,-0.4460705655307846,-0.2124342145467268,1
0.2162268375501424,-0.7433529203568867,-0.8198408744471272,1
4.190619369911131,3.1798260207158173,-0.0705609766825525,-1
-0.1665647148890977,-0.9012035036186112,1.2529511620448892,1
-0.4436424896937986,-2.094826697404311,-0.4711633477045699,1
0.0389713059090202,0.0726266543330528,-0.0495009720968379,1
-0.0343400093141062,0.3743064204763505,0.0530930975672849,1
0.3207592171823143,-1.7343807753805591,0.8572012938676504,1
-0.4599672526300236,-0.8609203860861662,-2.2917697335814364,1
-0.3388183213253655,0.1904871489859785,-0.6231514959508293,1
-0.6964455169643516,1.118903100185359,0.2090105086936813,1
-0.4268105961037569,-0.1957407355501612,1.2149444416654778,1
-0.0123248855519522,-0.679071637035497,-0.5063638714777263,1
0.1792239195610589,-0.3272180109595358,-1.915014105619189,1
-0.6678922027853637,0.6782883063523453,0.6245174912793291,1
0.2360382062664514,-0.6261175153754095,-0.6523103866238985,1
0.4812363868726117,-0.7250225306676001,-1.2162223458212913,1
0.00590455767526,-0.5207623600385622,-0.641102431197203,1
0.7441552855990492,-0.8245141385911816,-0.193659051673384,1
-0.5930379534722156,-0.1299817434241764,-0.6211619690213491,1
-0.8305848217931427,0.8395297395701736,-2.2497302053312733,1
-1.1000154696107671,-0.000622401267865,0.9066795985816384,1
0.5520700173448653,-0.3720509358492655,1.2910369580174803,1
3.534824337298447,2.6080780606211134,0.6568794049915737,-1
4.010416602664839,2.719538323189913,-1.1633403769607489,-1
-0.0614278245477879,0.3608643238245167,-0.2109193006484744,1
-0.7704669576804821,-0.259404701123469,-0.0125696866901693,1
5.999715813449378,2.7907586840496323,0.6032378820641322,-1
-0.1374783803677253,1.851914418987784,0.6739894153528118,1
-0.1474805915890879,-0.0163245065348231,-0.752834482804801,1
0.1634727410749966,-0.6944263105902991,0.0774814371923822,1
0.0399951206358251,-0.484366550210658,0.4592710523173673,1
-0.0897219371059041,0.5321325251734405,1.4751205762385882,1
-0.6014554959672423,-0.1360491647795872,0.710782328252868,1
0.0351818462247888,-1.1375377299067944,0.7967979732938633,1
0.7467931035721568,0.3841784037501238,0.0793442464494941,1
0.4760816040855939,-0.6404341314791863,1.4289711248311932,1
0.6010773294948594,1.0000077533935523,0.4109298266929674,1
-0.460572275996535,0.4879834297787928,-0.8819483811559923,1
-0.7019147441522946,-0.4978985201634497,1.4217590739379269,1
-0.2661273799292022,0.6177038122453093,0.7040646073332694,1
-0.1745565025518456,-0.165363431336451,-0.4566585878997983,1
0.3493393614475018,0.3412830722781643,-0.4937392993516675,1
-1.0565003850899568,0.1037212190599927,0.2957807149336879,1
0.5689734583326267,-0.7554662192632433,0.465277783059381,1
-0.2823825365792525,-0.6245591104059585,0.1947765703380906,1
-0.4180263228904583,0.4556532706779285,0.3107692107682779,1
-0.7132655413151355,-0.4252523189546872,1.7234871920299322,1
-1.037527552017342,-0.469708330621563,1.0841807419121057,1
0.212612050428314,-0.8256721053979865,0.1880045166395308,1
-0.1656809848970645,0.0642607976437654,0.9516908650211604,1
-0.8534413381045243,1.12214949342118,-1.0563558538659132,1
-0.8560232527528187,-0.8982303741687508,0.3988889331249073,1
-0.3720691283802184,-0.1935294938818472,1.8347314997589887,1
0.6393352662576028,0.7023930817591846,-0.2277605968397733,1
-0.3336303575951682,-0.2605692667319344,-0.8682612033650434,1
-0.9609895205672384,0.0828329291652358,-0.669326804790518,1
-0.3266440372021483,-0.8949130194182967,-1.114454853395936,1
-0.3402554284983538,0.0672997230551383,-0.8042994297401344,1
-1.5632210974428775,-0.3299598829454761,-0.3828654089814483,1
-0.2300603644302284,0.4271032991278857,-1.4358648807609156,1
-0.3191732821446357,0.5572676146645673,0.0099537063526865,1
0.1485598903570937,1.4623407875053782,0.911980896714044,1
0.7301104305932303,0.1649772017687316,-0.9294255466132526,1
0.3656714692450046,0.0011313873872846,1.539682150003407,1
2.3977505320254897,3.089945170622759,0.5137102477804538,-1
-0.7609002467249624,-0.4371232583202963,1.04250817608425,1
1.0955647498628096,0.0093208922592299,-0.6751720589711997,1
-0.1727940562949902,-0.39983736386987,0.8634012712720055,1
-0.1956419688709215,-0.1004249323158256,-1.116795597030109,1
-0.2148400168952867,0.6413161130898989,0.8997427148963614,1
-0.1027374037249768,-0.8588625158924885,0.1688824720126754,1
-0.2754975180625281,0.5266026294336796,0.5569053182323019,1
-0.4920758159750295,0.6410046909924616,-1.201906383153575,1
-0.4785539413691249,-0.285373093229392,-0.9165193179816876,1
-0.2191928477096335,-1.578770806731607,0.6016445644975745,1
-0.4768214374018112,-0.6014976134494241,-0.9707209438720252,1
-0.5622926183659046,0.6280173606397182,0.4652996524929004,1
-0.1489761855109535,-0.2239233972554346,-1.3967695791423824,1
-0.3313025738473279,-0.8541890485717102,0.8569401755069394,1
0.556080044271839,-0.5349831180742106,-1.259821830733378,1
-1.5400565203975274,0.333438173464439,0.5559375474658005,1
0.3479849744189754,0.1437412683917333,0.6305395807238192,1
0.4259681785096033,-0.3633877309595286,-0.7147842184502631,1
-1.2486734858468138,-0.4459392579384232,0.5861794249462271,1
-0.3755515687482466,-0.4620334080791672,0.2590211393193734,1
-0.3900573026286352,-0.8045570118460365,-0.5541168752627137,1
-0.91274452121271,0.8335250175488942,-1.0319711788303465,1
-0.5950697805413199,-0.4172129932982221,-2.0025789839085086,1
-0.7629433987017463,0.576485054310287,0.3497751510248521,1
0.6813335006093866,0.7728116990858914,-1.59786064699439,1
0.2693710983832857,0.4352239804107156,0.0910614506366396,1
0.4388174858392391,-0.4877635118823911,-0.2739498704676057,1
0.161407077181327,0.0514358341018838,0.6849789368032598,1
-0.772264315741441,-0.224780296232885,-0.3132161559243125,1
-0.4672843065542718,-0.792481221969738,-0.3410934033082595,1
0.0442153444690643,0.0002038146535686,0.7386207924723169,1
-0.8192202321714331,-0.9702054817168544,0.334930211120894,1
0.1570313169173663,0.5574569568404215,0.3157005118914669,1
2.3291656546581554,2.810803567464013,0.4714660099430399,-1
-0.391762448841384,-0.0793186916386975,-1.5681233475472884,1
0.1560029335412752,-0.0263068297709505,0.763970668432628,1
0.021457176783253,-0.3762797590796858,0.617149303315725,1
-0.3847729226913864,0.1695346738511345,-1.0402405126768932,1
0.3822009651239714,-0.5157019083205366,-0.254246429320857,1
-0.7480546329445025,0.3532396416552568,-0.045923934385965,1
0.1080641076353491,-1.0779613152990384,-0.1427633392046643,1
0.096544410310116,-0.1275874996747254,0.3337113827325046,1
-0.3588321924997538,1.0423711883095694,1.450241150997998,1
-0.0381383553017476,-0.8548533038337395,1.0945815213476624,1
-0.83384325771141,-0.6466312804675802,-1.3408990684304474,1
0.2634930984735829,0.1225530270204018,0.6269169159832718,1
-0.2959504066469895,-0.0932467097134948,1.346032221878625,1
-0.4663776143072274,0.017161019187963,0.3875776877432787,1
0.3265453533435593,0.1065963748849805,1.1039549187663842,1
-0.5580033991670992,0.2005354210675028,2.041213547875243,1
-0.913223585606007,0.507122964874801,1.0355180416695442,1
-0.9879727759600808,0.0553658628806226,0.2476944931108691,1
0.1030567151157979,-0.3648888231628533,1.0572675280224575,1
-0.8486327692499043,0.2249681609206439,0.1414638181073664,1
0.6826067011012635,1.0171672123704385,0.0183820135537942,1
-1.2529814132149,-0.2947746051473764,-0.3634405944872825,1
0.6531758661304778,-0.8381986973080049,1.5845764753611635,1
-0.0962129845754778,0.5054323495532361,-0.8385497293992314,1
-0.2514599387314413,-0.2868658468488667,1.5529927309820308,1
-0.4775753044949639,-1.611570484964315,0.502592869900146,1
-0.0013090362000271,0.3378284814914121,-1.4294955179252191,1
-0.2216554807200594,-0.5547045431163757,0.3680863754670745,1
0.353935447400233,-0.2675997302521172,-2.14236135162698,1
-0.1450424657632031,0.0051230252497592,0.63041453340656,1
-0.1268434419517777,-0.086199459418245,0.8946397550176433,1
-0.386107826244298,0.2487721309926961,-0.6085585281411543,1
-0.2313976445382096,-0.4902589627226639,0.1197537949478013,1
-0.0473862865831649,0.1220353213565182,1.982093270111184,1
-1.0654317538284608,-0.3766939640780435,-0.520448089062817,1
-0.8828150187492236,0.2677224687602448,-1.0831968425932987,1
0.1723000371804801,0.1880428721051783,1.5014095568768209,1
-0.1164692757630573,-0.8129666182989808,1.9906691388472864,1
-0.2954868813258184,0.4918137219718375,-0.002175609810508,1
-0.1933694231246077,-0.5551145881973593,1.0230592636808884,1
-0.027317712338681,0.3124200089939981,1.3587922171747984,1
-0.4749724362758655,0.027912865276475,-0.761288960308791,1
-0.5953159906643672,0.9773424151424868,-0.4996529210583462,1
-0.1038672116080828,-0.3534047106224124,1.2462737740566847,1
-0.6962482926263744,-0.4346384973249469,1.7082850892871575,1
0.0032902168475846,-0.2216974984772122,0.5667018678115995,1
-1.0616053050449803,-0.4048581233676353,-0.9009994076637275,1
0.3165294194226553,0.3071813857981338,2.015567263534048,1
0.0357514784681955,-1.2524536710173926,-0.5461094905114842,1
-0.0735047526222955,-0.8892902002292411,-0.3468820221253134,1
0.2930884733362854,-0.8984046576460499,0.3423361965137733,1
0.6375457999778229,0.4042389575991356,1.5751631571855989,1
0.3090702482440589,0.8949987371515036,0.8628425006648192,1
-1.1313715229791992,-0.2765821449230408,0.4161209756541633,1
-0.8482027492840789,-0.318133106389145,0.4653833159335301,1
-0.5178837867918561,-0.1639455429470102,0.0383335648447172,1
-0.1895064852325533,0.5408029532427076,0.5618783409844581,1
0.0584845671130184,-0.8077475714380976,-2.579339975133049,1
-0.5687995438462674,-0.0553009325820069,-0.3076838586067982,1
-0.1084472179936292,0.4203049007757742,0.2395694005607092,1
-0.5837521786916707,0.1142820934110934,-1.176899809930694,1
-0.5111736809359831,-0.0867920479470734,0.3870840749027898,1
-0.9123154032197408,0.4369894850858427,-0.2139506342424378,1
-0.6684309585629576,-1.954036455091252,1.779967808165405,1
-0.8845803213190655,0.2283902328137771,1.5943493477315624,1
-0.6949873078129397,-0.6313533034199391,-0.4798146590502077,1
0.3288824382841219,-1.3907937464196012,-0.1593875016854879,1
-0.6816312597751765,0.1208068506881618,-0.0811646281189296,1
1.1253408818496355,0.6775021968898675,-0.4654233735718769,1
0.0462047193052293,-0.2978824265829564,0.1924699902169706,1
-0.1094212066752523,0.4058958677721385,-0.7773606186463804,1
2.557538336316794,4.8501553183478325,-1.1561474922028612,-1
0.1506300718262732,0.6395842457594645,0.627569264001892,1
3.486423451011373,3.849587053592549,0.6345058061389337,-1
-0.1411164420014893,0.2698635220422037,-0.824192205818084,1
1.088867513403138,-0.160471924912074,0.9049391799546044,1
-0.2511303998330007,-1.243194436947416,-0.648460127915056,1
0.3771275744954211,-0.3679902319578208,0.2516179822237328,1
-0.5574145256102147,-0.7534587477441913,0.8286275979582726,1
-0.2203204936573733,1.1921306722153766,-0.0401305055177726,1
0.6906817945276765,-0.3226928124544187,0.4566875431270887,1
-0.5189676731945863,-0.129636741993421,-0.5313161947900218,1
0.7116927486974293,0.1468084503428174,-0.2058072532689272,1
0.1543845135764397,-0.1810182227660638,-0.2153629058110006,1
-0.4864279355567774,0.8849536120312933,-0.7654540370938959,1
0.1163741311189776,-0.6110683405111782,-0.1857735066150334,1
0.2879746946425039,-0.0835479854590542,-1.5813956509900453,1
0.1110276602549809,-0.6884101665999114,-0.505602193980686,1
-0.9948315911283744,-1.061206563626848,-0.2957485441629144,1
-0.5695024811735278,-0.604045377579975,-0.2665554234797298,1
-0.3275397949872366,-0.2330689875160422,-0.2516186302086564,1
-0.2402200648779026,-0.4862672396148149,-0.068770089564425,1
0.1104536190782778,-0.656104304738239,0.481816281689964,1
-0.1130208036980996,-1.1169079576206062,0.8837396346072296,1
-0.8763368325829418,-0.2628053156154246,-0.6669628672974975,1
-0.0108631978642444,-1.1804247581328111,-1.229991128709008,1
0.1053651567204248,0.2814359360550742,-1.0660413804085571,1
4.943278488610615,3.627936225782632,-0.5015828888447962,-1
0.3425737525198873,-1.1499783416064806,-0.3639564657828698,1
0.2180361086777447,-0.4087498931996769,-0.7892776532560627,1
0.0289825347273197,-0.6946621391042381,-1.324517436056511,1
-0.2380670446385068,-0.0031428351895652,-0.4699620529496523,1
-1.0406070900711268,0.6560671376954367,0.1786359275043532,1
0.0140688763158264,-1.4195430095199526,0.5994077013698061,1
-0.0978928248133259,-0.1349159213375204,-0.5730201378190275,1
-0.0656603880177702,-0.3125246047655229,-0.4260916017786151,1
-0.8467758547710299,0.2241718847026893,-0.9486959969413852,1
-0.7480512088752018,-0.0715491046449943,-0.0379194400075741,1
0.3286357713639288,-0.694541387263869,-0.869069683472416,1
-0.2226243289778137,-0.415104521518584,0.5771264300776825,1
0.1411410303728465,-0.7229788542410125,-1.8227560383211008,1
-0.1883828219099927,0.48537510487684,-0.3717984283982252,1
-0.1876574848832666,-0.1954064166277446,0.3003910580233194,1
0.2706855027143978,1.0180119807502668,0.1810855594868936,1
-0.4630084836153083,-0.248317743419291,2.733776352751893,1
-0.1541771987899125,-0.6664227601835994,0.3499277278309292,1
-0.4358823470574511,-1.18623018890696,-1.0273930921279204,1
-0.4218680925595933,-1.373047509017202,-0.1030542556395715,1
-0.3586433539544976,-1.2316856693569258,-1.8129691348092496,1
-0.0906049218031779,-0.0367385234778431,-0.0879321133032978,1
-0.4441929763562952,0.1192076325480492,-0.8534306552595949,1
0.4308470661014735,-1.2297845844938635,0.9253212862959668,1
-0.6539894603785172,0.3685639182547373,-0.565000728058859,1
4.693355560939306,3.457989530653274,-0.1247251435952717,-1
-0.4245090115939265,-0.1144111016263997,-0.6525092269585983,1
0.5273165028028903,0.8314884985780315,1.763055313914953,1
-0.1035092652553121,0.3697264232148341,-0.3327461664549659,1
0.3178859432656237,-0.3824929089330469,1.858385194970094,1
-0.9521192873521253,-0.7844065419844303,0.8223280179345556,1
-0.0679450062938449,-1.5981096173643832,0.4844869933739635,1
0.2461405527438545,-0.6733594109205692,0.3691890161092269,1
-0.1611577177453302,-0.3454422737493148,0.394687600906654,1
0.3348548809727921,-0.846364123054041,-1.967020033509416,1
-0.4636359286834398,-0.2938859259893094,-0.2896525846123418,1
4.952594334652731,3.522091210059957,0.8538716538754697,-1
0.957101617847994,-0.3543019230786358,-0.0556800507382738,1
-0.3857175267755773,-0.6287242101790745,-1.4354811709026556,1
-0.427420656169929,-0.1002999062275854,-0.059248108878515,1
4.409527986204932,2.945405046009573,1.7277072329474947,-1
0.5942089620422166,-0.9129899531326956,1.2625686006699537,1
-0.4664467327637913,0.7015615941872828,-0.0690140556595165,1
-0.4146491402630901,-0.2727989494365334,0.962005294109379,1
-0.3448266307753379,-0.1969955972362551,-0.3787949805541541,1
-0.8809307940172167,0.2479734218884449,-1.7393399254319977,1
-0.6661197393943447,-0.0586269789131153,-0.946424983678384,1
-0.709247981641029,0.4060650386760749,1.5840427923765612,1
-0.5900152349252543,-0.0238305910301975,-0.2846775090983815,1
-0.220167328969385,-0.6044767392595869,-0.2535378627701529,1
-0.0845101996306599,0.0241795638968615,-0.3109705937894397,1
0.5795426081777993,-0.9474113808930597,1.931205420686452,1
-0.7063286370935933,-0.1390898156454972,1.6482061264642576,1
0.2939115054108924,-0.2306117821136228,2.25130274481836,1
-0.3106243555384626,-0.3434972057182239,-0.1677372601043015,1
-0.2276230948203651,-0.292130580323143,0.2948131739944792,1
0.1377704301502417,-1.42385258466302,-1.5488656697460463,1
-0.7690710212776346,-0.5633518168825584,1.4965986137569784,1
-0.0097473191941925,-0.1492333582243932,-1.1939558714038851,1
-0.1186957054677035,-0.1059789922589094,0.2145975701216058,1
0.0457675097979474,-0.8725031042321726,-1.1222572780347833,1
-0.0567865090404998,0.6078225164308472,-0.6050089225779749,1
1.0360048478301145,-0.7682584041783324,-0.8577099378816136,1
-0.5244025052670119,0.4165995865878349,-0.6243468274034919,1
-0.4705517302862331,0.0665814781566963,-0.5544025901053118,1
-0.5170372269552881,-0.6262873601629607,-0.5637072099849219,1
-0.4829017246686034,0.936759488517774,0.8418426494786583,1
-0.5242244925193095,-0.979627533486092,-1.1299485846315505,1
0.3971776179963912,0.3841301472778762,0.2184287066254957,1
0.5139608219235147,0.436690129367334,1.2331345528186402,1
-0.4906048682905111,-0.6420324118980322,-0.5280268733751772,1
3.6454284419249023,3.8491361165729634,-0.7362978304173011,-1
0.0351552087824654,-0.3705618288094122,-0.2404556189430938,1
-0.4812600769157998,-0.022817538302472,1.194237904543706,1
0.1166385235045391,-0.0411308722408035,0.1915367367722126,1
-0.100296550613688,-0.2958557756988721,-0.5463571060743607,1
-0.9673466788530805,0.314195376851946,0.4863282884180409,1
0.5780315140216595,0.3030160066085222,-1.1273333847570608,1
0.7033329054333564,-1.3377995009415358,0.687234094207977,1
-0.5118148307783886,0.6327588375522389,0.4097543104969003,1
-0.3982606577007285,-1.2822626824040189,-0.3190790164645095,1
-0.0584529667484025,0.4573220779775699,-0.8590562430463274,1
-0.0339390989477292,0.5180994890248797,-0.9079849938520402,1
0.1295597470837785,-0.9133561662124716,0.5381519223159248,1
0.8114586340802182,-0.4743337045776138,1.2443469347330205,1
-0.2919372358121923,-0.9228693578114492,-0.6542894634857095,1
-0.6054020136755999,-0.3478891418768471,0.4603965265993879,1
-0.8985217078705525,-0.4079915916035018,-2.129136544004628,1
-0.5714159426289137,0.2940902312081539,-0.6006861774275737,1
-0.2193813769079925,0.6366113682178492,-0.0375326118929954,1
0.7026670748954027,0.6917189959454253,-0.9313861880113352,1
-0.4637988026951379,-0.5720290388705734,-0.9586740649054094,1
-0.0897704047779128,-0.3442104682686681,-0.6852894371165258,1
-0.2109543396822449,-1.2957829722802836,0.2913219312850867,1
0.3968631908322856,-0.7293330636944649,-0.196511307936897,1
1.0721426091421091,0.4136267994356737,-2.282961563109341,1
-0.4704870637269657,0.8336587178013946,-2.1633933304006545,1
-0.4495863869823222,-1.005906212861804,-0.6233192369414169,1
0.3240994105933877,-0.5915845556097428,0.459684274049464,1
3.744550760436381,3.374741368220262,-2.8010623504391474,-1
0.7289759493486409,-0.0283250504494383,-0.5143272771978344,1
0.0919166882544245,-0.7317429214474613,-0.5413045853129246,1
-0.3839283688269875,0.0645589943094893,1.4064663308552248,1
0.095310212576765,-0.5150149211447909,-0.3976306865399599,1
0.3566605495081434,-0.2184911987273251,0.3836919482399761,1
4.144776837225267,3.9009142016752314,0.1377701947347541,-1
0.0532454453714549,-0.2050171659786857,-2.173430669429385,1
0.3354574005296162,-0.490839582029954,0.7755871211931918,1
0.3872286035693232,-0.2799131833185743,0.2131946087642877,1
0.4946160289357371,-0.2661988369369502,0.5111430602934229,1
0.1245983996130107,-0.4479961461275978,3.988355371851438,1
-0.2869785308118425,-0.3762094595267169,-2.126171955520195,1
-0.128653589390307,0.8227271458389132,1.7486552700818674,1
0.4060023741351059,0.1528979253466744,-0.2983651508099782,1
-0.6148049106679947,-0.3998882970861538,0.2863738032894186,1
-0.0166772124142102,0.240705340468581,-0.0522364418411041,1
-0.4011045943228413,-0.4246353448461148,-0.4375249087907072,1
3.3878253775568967,3.156367156800306,-0.5856451118154546,-1
0.4422968351086134,0.0294328850220074,0.3292847323759477,1
-0.1062616148224108,-0.2784236422637883,-1.5494060233080484,1
-0.1792423879942772,0.0798283180614181,0.757653527238229,1
-0.88870277798163,-1.2231267812843645,-0.4293435905028162,1
0.1738081954682651,-0.9364649078604078,-1.1555920326247884,1
0.1229710634456068,-0.9798135435463464,-0.4637482147744137,1
0.8886708989590612,-0.1168961340637104,1.2730038940287722,1
-0.357940151344156,0.909135730273187,-0.5505493236798353,1
-0.0921100390086162,1.2310899951037493,0.3587313131655106,1
-0.0768576177045009,0.2026846220065973,-0.7495611908033392,1
0.593140015664937,0.1141209210722565,0.7651234794668376,1
-0.2507447842682714,-1.3717036635886002,0.6914542232958913,1
-0.0619056271634042,-0.5594459667532099,1.87471520852046,1
0.1040084646682854,-0.717658766344003,-0.1845423124427635,1
-0.108526746440117,-0.6099053438952906,0.6743091793945695,1
-0.4278903832148338,-0.3176955346606374,0.0938319940590894,1
-0.1047527235744889,-0.5138861309997507,1.3123976325690148,1
0.3389671668328107,-1.4867547973103357,-0.7372271608091302,1
-0.7205357063008114,0.2735961630024399,0.7519830616447478,1
-0.1355873041084882,-0.9015933805134316,-0.2040072991143489,1
-0.5558730012807058,-0.0547342804773846,-0.0712360813175197,1
0.4002197411491081,1.1296097537999896,0.0874074808817649,1
-0.9711014907676594,-0.8026040616667558,0.2506771104445394,1
-0.4846395550421425,-1.842404609735373,-0.1241789653728147,1
-0.0123695924236941,-0.3937716964029341,0.2124994425359225,1
0.5871218298363122,0.5014813636280664,1.599536048857368,1
-0.2358394947288901,1.0549053515604092,0.9965950276393164,1
-0.4827616820861045,-1.0028083903903655,0.878284205725429,1
0.7463554954363145,0.1114452570614584,-0.4693706758715441,1
-0.9331774729532216,-0.5095097199142805,-0.9105892703373052,1
-1.3119444459373506,-0.2775498023539482,0.965923329080329,1
0.0193136693097813,1.497699818877543,0.8852958674286213,1
-0.4559504163973724,-1.1792951441901576,1.4922609603198207,1
-0.71787074759935,-0.0453795152889694,-0.6203846874641734,1
0.1546894836668221,0.0927225223556323,-0.2394627327562369,1
-0.0796741693805518,0.4916873432619632,-1.6738364816860705,1
-0.4872410999669801,-0.1459167353011401,-0.4052090986067078,1
-0.8485697313130828,-0.0103231008843261,1.0079086085187756,1
0.2374767127531251,-0.4619626756790684,-0.4805164255555237,1
0.1253507404699032,-0.0354473824407351,0.6456458158015914,1
-0.2527023720764272,-0.4306852610529348,-0.199740411604988,1
0.7289404687345951,0.1920476724387056,0.3237385312397772,1
-0.7425160601972067,-0.4477375075313085,-1.1735195242766812,1
-0.9722811223060138,0.0342469815572578,0.0807510364355389,1
-0.5517297547455567,-0.2280510612303444,-3.048916307518166,1
-0.2256668379046131,0.5176767752373691,-0.1960709449781957,1
-0.0799068726137084,-0.2423360512206202,-1.6646693777089518,1
-0.3243702982984056,-1.3536140032331565,1.2209625354741331,1
-0.025060780553182,0.6053785215210816,0.7849467221737845,1
-0.8340580936074115,-0.7937918240685643,0.4688243954106428,1
0.5256954355111848,-0.6311536287206306,1.5414343059997624,1
-0.2441135910728364,-0.5936481676171064,-0.971299314502203,1
0.3609952529423029,0.6780053770816341,1.771714694776386,1
-0.0297676961616076,-1.5876908546140056,0.942413789702913,1
0.0277582084485085,1.8161814440378112,-0.2465908097181406,1
0.0847726553457666,0.4724976290334285,1.1493683756703346,1
0.0231952697033713,-0.0650670415908944,-1.131404102466247,1
0.1215779544372379,-0.2445953990071923,-0.8447407041444991,1
0.4678748073421861,-0.0248440479982141,-0.6250736736606568,1
-0.103526219549953,0.1272098705598076,-0.5440817530464939,1
0.1550160451385108,0.2073091308924525,-1.0808061669964406,1
-0.247939902370661,0.1494672275529166,1.2383472798042705,1
0.5238553649658015,-0.1513403365908027,-0.2692764307025792,1
-0.5439022073402637,-0.3365399741886475,0.3526795560837256,1
0.7058870163810416,-0.3068059949320554,-0.5861725360166127,1
-0.2229284338397527,-0.3349713751080664,-1.85809493584152,1
-0.9244806741587508,0.5226597571695568,0.2688028916579613,1
-0.1380417780182862,0.1739645303477409,-1.9513351981178484,1
-0.5462528048622342,-2.1071153832323173,-0.0757590100042206,1
0.2214269839609427,0.2142061740389277,-1.3979672163413936,1
-0.5319113297208968,-0.0834648871041709,2.015785875685029,1
-0.4277641692698994,-0.2212386616193749,0.9212239238144004,1
-1.1559232781451865,-0.45994225934242,0.1016514706640758,1
-0.4308531031364392,0.5164261439706583,1.279675014496353,1
-1.4254916769624673,0.4024438026664025,-0.8669204083236198,1
-1.0017320555807256,-0.7080372341579548,0.5469641027729659,1
0.1809523217193099,0.0535802352163507,0.1973383855287532,1
0.1937590501105195,-0.8363445197923439,0.2626609712065308,1
0.0119698669081475,-1.0996741783068509,1.2884717112771078,1
-0.6904988061863795,-0.6136940518093663,0.7392529615887848,1
-0.2267390502580022,0.3474924287020275,0.2877927368906152,1
-0.2044865996913997,0.4060575585436251,-1.6895067384706477,1
-0.7870523853794957,0.1220221677784327,-0.9826219999924908,1
0.5557800308085451,0.2588699512664665,-0.1307711710051108,1
0.2399512164534859,0.1240185418354073,0.0890554480646855,1
-0.3141433385350206,-0.6232241112431859,-1.1557287475482991,1
-0.1891055223570472,0.0696334106934473,2.4475426376698923,1
-0.0975421434319687,0.3074832258030684,1.536742191875663,1
-1.2327036759696277,0.2777149983450698,0.6066194261861169,1
-0.3273676362963302,0.5582534643074363,0.06735012920332,1
-0.5467232873167043,0.2480311429743715,-0.2218225006243623,1
-0.7079762853883542,0.0176890891349572,-0.9743532859489428,1
-0.3444814003109179,0.4815946113377287,0.0728881406914673,1
0.7042454537951992,-0.2262814513116545,0.2562847954815379,1
0.1206295646713135,-0.7783922635574062,-1.2692191997701747,1
-0.4908231590481306,-0.3144185425240579,0.3340333184101967,1
0.0861930470898488,-0.6899800044498117,-0.1638854734479452,1
