temperature,vibration,pressure
0.060307015919676896,0.72606352699203,-0.6957367488463971
-0.26704566955239556,0.40779913220098823,-0.1559102445723377
0.13813937396427253,-0.17211900673336503,-0.8150036902555065
0.5894071758324783,-0.6458178921927616,-0.3221765035321986
-0.3164797023577166,0.25600840720922896,-1.9352210677652253
4.011946111525916,3.2710114277885545,0.23465994334974444
0.6183713751967305,0.38806156797526326,-0.007668781053860901
0.19987255082689076,0.213737221761532,-0.8400985409172244
-0.4377955745116968,0.4915477279607784,0.6617387529773441
0.08394210983293664,-0.5709305901652618,0.9448711490617465
-0.43467314611169666,0.6711147366314874,-1.64422480034474
-0.43586509096124804,-0.07962125480858,-0.784795577926478
-0.07102612140310666,1.179206094975301,-0.791324009731733
-1.1821259089350715,-0.6741439625551491,-0.965034574307071
-1.0850187692338056,0.9517335268224701,0.8349085569686509
-0.4856438621318662,-0.07941263339568103,-0.20606947640824028
-0.7179141911410163,-0.6488222092285291,-0.27797929369299196
-0.033760748552146363,-0.5365047850942534,-2.0473732433645364
-0.6638826451097868,-0.4268647916557406,0.6374995032890404
-0.9238557019147466,0.07227403767855102,-1.2695610927402563
0.5598253011085706,0.13842437039310718,0.05207285837641123
-0.3121610396853798,-0.5967182726808125,0.2732734162359656
-0.1609527320687975,-0.2284244592501529,1.375268265334271
-0.9302712511626798,1.2241307973673121,-1.3403247485596266
-0.4764133349100962,0.9460881405192185,-3.0805679166833597
-0.13858147147282698,0.08042485530866189,0.17813038043251037
-0.7891415706863141,-0.18661817295314406,1.8227191016400666
-0.0020808594598557893,-0.13162481447990568,1.2514534995515956
-0.5054151714671152,0.1992199962228882,0.2043861045676413
-0.34614369517219434,-0.8978002667301123,-0.5090240545285218
-0.5059657212282055,-0.38464773694131765,0.8121701869417404
0.7591457294497003,-1.3307537643961336,-0.9992588419205419
-0.20272405791360007,0.05555179426208286,0.475691549760864
-0.7410512374123426,0.22179848076315495,0.50530684268365
0.22828369811354918,-0.5360359101657294,1.0696294644183737
-0.825151625324599,0.8431403895435439,2.798436813358405
-0.08808959904796154,-1.0338781052356933,0.3902996916502353
-1.206041447237221,-1.1938472187606126,-0.5266508181428592
-0.8804902314181646,-0.06161891232219592,-0.03491117709187196
-0.09427721765008933,0.48990223316561926,-1.8085309560016214
0.18493849856511396,0.9168473193300123,-0.7156090605943545
-0.1074196906267256,-0.5197431560756312,-0.4252476839884838
-0.2553863535007719,0.5110758890584607,-0.5420368638372456
-0.35099483776794965,-0.23791354446436927,0.14609165176119324
-0.957993450367875,-0.32782989666399104,-0.8455219380035601
-0.5668696134866036,0.38032938978986863,1.1315008748299429
-0.4332405187127702,0.22523569852968797,-0.008684438578010819
0.3492161694766627,-1.2689461804637543,-0.01835606034579748
-0.01861903535427652,0.7778100700509691,-0.34245402701959093
-1.1046721049951755,0.7131484425429392,0.14897645092834438
-0.02868963243611556,-0.6314882193431078,0.8304563763500167
-0.3942886142483943,0.05325922294314702,-0.8910045708641183
-0.5447417759329124,0.11911263281592784,-0.6783802284618021
0.1195738518942811,-0.037334884815749696,-0.3178678363451053
0.33574903975095494,-0.5810338264794034,-1.3780153036406595
0.284340343479418,-0.662368350727683,-0.8423052419954412
-0.6284105601521736,-0.22922861741071995,-0.4933424500316965
-0.3551751343463482,0.5741279584278557,0.8805987702453528
-0.02498837902612231,0.15234548098953735,0.2582018744653779
0.3071604394178167,-0.46056496194091795,0.1880390073890421
-0.4427961734306307,0.3052680052545176,0.85670175173032
-0.29147921402528126,-2.1218251443253386,-0.14863990315911382
-0.766118563115809,0.5580623976570961,0.38831486974937884
-0.8124504123399224,-1.378440756421801,-0.11389994157360461
0.22311852140460722,-0.4550853326233669,0.2610512811991056
0.5034214267219301,-0.9627490591136914,-0.6017206252015872
-0.23288941831275442,-1.0800808529646377,-2.4898416807724284
0.32158907374624224,0.5661484281094983,-0.14549385325396905
-0.009330288537146085,-0.5256542346300539,1.4384303737786222
-0.5283466518690323,0.02020760124594521,0.9333202658578434
-0.009454232871455583,-0.24355321629221563,0.9731792006160114
5.505649990762682,3.543420289196954,1.2994303300513699
-0.21423531046074218,-0.16059341510237407,0.0812940295245504
0.6108604848361411,-1.072244109576088,0.19182916483595855
-1.5463322334228322,0.45582363638620943,-0.6372166276210212
0.2279525153883213,-0.5431223625833038,-0.33042794934402125
-0.15089010339462766,-1.2556649271242653,0.617513232049131
-0.34991410156137737,-0.4991148416584839,1.2157859053505258
-0.14846002870547936,0.794047340922276,-0.15075022625210707
-1.2204242093669073,0.3579116536507426,-0.4668611572995462
-0.3090140102693024,-0.44584099890728074,-0.008358001344769076
-0.011662280517075387,-0.44624698691941544,0.6026972378971415
5.430504589594359,2.91918371801588,-1.4231782208638282
-0.4629514623228575,1.1802030883893078,-2.344741500948592
-0.612571348976063,0.04396174197088732,-0.5689422002014369
-0.4544383670445144,0.07621324278378036,-1.2506947507377113
0.2761547013232033,0.4786291714921067,-0.5258131657425552
-0.026283565129228085,-0.05200682913622541,-0.1592282361415458
-0.46887493513130046,-0.3857643991638557,-0.4699731467763639
0.06884078688325863,-0.3437340398549164,1.4686631610548382
-0.14571905403655108,-0.2600997128297882,0.32349404932547077
0.30360318762791844,-0.23705122424998962,0.2967698351991173
-0.5576976973744324,0.27572302093624684,0.6240604051552778
-0.36468660983098533,-0.17727086182856833,-1.1674010153048824
-0.3979106872276688,0.2790821980218441,1.0481668840422038
-0.9502568168736778,-0.2662108337163269,-0.08596816010319228
-0.0431058535215989,-0.15937773752752538,0.6731677803472135
-0.061183039352845525,-1.5517363300597335,-1.099268153033059
-0.1931296276015015,0.40223059303942277,-1.5894943128215377
-0.31670331948768743,0.020197272820947087,0.8231232443510296
-0.9254368642485773,0.4569923784204437,0.37401674667870355
-0.4126225550929003,-2.1538128756485753,-0.9265291595361721
-0.37244661127122586,1.1879979100165439,-0.8935811905128072
-0.6093666205198848,-0.3056806807605602,1.1359810710125555
-0.2789139786252426,0.5308546979911407,-1.218853515412885
0.012535979509098174,-0.9092734586250114,1.6621542907597489
0.7766262944159324,0.19872115612517072,-0.9250736230756891
-0.10576506944209571,-0.9183306297098315,0.6405247713601746
-0.06298992327102283,-0.6302856541982103,-0.3431902888627853
-0.23414515189353552,1.0711141130657487,0.6047121354214191
-1.1849566884259652,-0.3399344519992163,-0.5624084010967074
-0.20943457783458969,-0.06632457492609273,-0.17450015891998713
-0.16471509307998275,0.3712168613730816,0.032730954838628215
1.0741181213982434,0.12021997166154252,-1.0283948624918815
-0.2949343136333877,-0.11125228218732568,0.7447266640000618
-0.04030801939297721,0.03258167998790171,-0.5309741746743049
-0.21366086721850452,1.3992085705296387,-0.24144395393400286
-0.7982585029200886,-0.2507255480842757,-1.020421382080225
0.39339769648829787,-0.07727514829713195,-2.615491871893337
0.19188090648976747,0.492286320061929,-0.20322275957735017
3.871365304553873,3.109182791790019,2.469862407243932
-0.664585512842647,0.5837158700710607,0.7892628848005285
0.5274217203572787,0.21612286869988162,-0.028488174361958555
-0.9184670162439402,-0.9783933925720808,-0.27632722753029443
0.10677872460408679,0.8829935314870284,0.01395890030578326
0.9334875403360403,-0.9806329274764973,0.5476752652059906
-0.7064204766158694,-0.009202795301369963,-1.2101058927539885
-0.4877112548899492,-0.7177804779033239,1.1246760077647326
-0.14439216571660982,-0.25509640423059676,0.718844117408214
-0.455324368402694,0.008313310279076716,0.7216969725693564
-0.9951847821225126,0.003348697134577751,0.4371551246013234
-0.16041927337460685,0.07076880915136909,0.011060445964638451
-0.7434189719684035,0.8697726129228076,0.6755895231637732
0.0483869927083612,0.09196325919289342,0.5931423696122837
-0.6697598092006207,-0.37578481014492854,-0.3690516814474312
0.6032773728143251,0.4342496572681454,-0.5924055595250328
-0.5995591225161808,0.5853518251870763,0.09472073535693058
-0.36179929706137504,-1.0351131264448779,1.56688368002502
0.22362961875829857,0.1884141829946354,-1.2694071595712804
-0.830317614903072,0.25798577212260176,-1.5017711685968254
-0.07850256240489364,-0.4115900042660189,0.1587119283624824
0.47811013547763187,0.7102089454064475,0.042871682997765836
-1.0244772961276751,-0.31269730058519474,0.16744098126001838
-0.10058084068032545,-0.12790723382025232,0.23927229648615897
-0.06178749104249561,-0.32812791601936253,-0.23595305112857673
0.207290120818486,-0.20165202757218637,1.506705062189526
-0.8334553553303311,-0.947064641312888,-1.637453937092028
-0.8765054480695623,-1.1775398506652954,-0.8517040093710772
0.07331259305317189,0.8568963302823152,-0.11393351897460584
-0.04266022831141622,-0.7799189701754361,-1.6804692207597387
-0.06662832199145802,-0.876748839062978,-0.1877872886422276
-0.01716011673716633,-1.655778896761743,1.6812762164112367
-0.5463413327905411,-0.640471248433832,0.01235221230483141
-0.07603121706054071,-1.0991264432827474,0.225791077058428
-0.04467709856304257,0.8887481932377628,-1.2908286109682292
-0.5640378958653712,0.46490804933795515,-0.635903847651353
0.7661035383944663,-0.673448416825792,-0.3905728052655997
0.0485109735101632,1.297988249569345,-0.3320985590246834
-0.8099226860207716,0.44610160919466707,1.2948885202429175
0.1427096150910503,-0.4298710189985186,0.558429836241332
-0.6982468703688138,-1.88775572334343,-1.1395529611782558
0.21000272008493068,1.3238040730032157,0.24186795438685965
0.40152908548250876,-1.1436979583566775,0.49793321906120147
-0.6188550405116136,-1.3152097873541053,1.150949507075074
0.30088691295618497,0.47345818392536565,1.5989487178097777
0.017036623397028584,1.4235696121015815,-1.0415245564531248
0.22803379214662123,0.7159517925359705,-0.8337597813365386
0.7820946005807369,0.16596107907470273,-1.2881970170972905
-0.32227158821496926,0.1866404258981274,-0.2469575247308066
-0.5843420532634821,0.3600528618862457,0.46551941991390605
-0.6543403019780146,0.29670662217912364,0.995495184728146
-0.6163433439300974,-0.02357937434741743,-0.08615812300768616
-0.23551430257413655,-0.14223776033538243,-0.33426782220795426
-0.019890503310249642,-0.25406045403768573,0.1454844611531036
-0.05312240081046128,-0.7175718012593448,-0.8584646906795084
0.2306749163369186,-0.4002676142654613,2.116739459331179
-0.18906287471959393,-1.3470938107214214,-1.6443277106336698
0.5535797712696189,-0.2780257300098906,0.17903680677855213
-0.3322052580756718,-0.8748708217189457,2.0496680032826173
1.2065726331655362,-0.9519682697401205,-0.0019777717073468856
0.12678671192322638,-0.09149139855376151,-0.2022169521652404
-0.6376592488355702,0.7211338057536837,-0.37251520814471023
-0.7478467782955107,0.40356401838073847,-0.19240294534663616
0.052964922540836734,-1.2649963474292827,1.3876687187092083
-0.3109683450423692,-0.8755660701207689,-2.258965886566983
0.1723254108757781,0.4186180871920627,1.5510279810847494
2.701024120389897,1.905248091227787,-1.363271245315532
-0.23331153256872533,-0.36269581604868534,-0.28015370573524
-0.6323163426430372,0.15667101310048157,-0.4455545002132882
-0.9767203267307167,-0.8612969998182285,0.5898251757198787
-0.4259592164682366,-0.14145041406222492,-1.6346262937313545
0.24573650959946658,-1.1064579893852586,0.46126140536724364
-0.0853932817944264,-0.6152672956311679,2.0503835583206342
-0.8379858989835716,0.0022925922728286936,-1.3956172875094037
-0.10648521152157461,-1.2800762596555297,0.18408817374899916
0.002878243893281101,0.08320782707196164,-0.6823126951736302
-0.6514239321752696,-0.2252622123881115,0.4243491308873305
-0.11651533908295504,0.15830540749068853,0.010583465995758625
-0.16575723973109627,-0.06197938838878553,-0.6614633801025094
-0.7850053010171153,0.7024545756847435,0.48740497322273646
-0.01131440424456135,-0.1281431897565743,1.826622311082993
0.09333744181754211,-0.499979942230103,-0.20309664716480627
0.3625834471794071,-0.1301055176971245,0.7232963483237708
0.34750450835145064,0.15214292905856297,-1.3245087324319114
-0.9060005416865355,-0.17933966358262204,-0.9818534547318026
-0.6792460415522132,-0.18488297533681836,0.47167179809152293
0.06975216463907868,-0.6827279716404554,1.5008583682642265
0.06910810019570465,-0.6565206191416199,0.3528613249913854
0.06975856710022313,-1.1524354509513361,-0.3273610441194606
1.790446488735279,0.9608599552698847,-0.009615915668485608
0.09854741561478655,-1.0460111344870107,-1.2809030315495933
0.38965637976855155,-0.676636179508116,0.6060629694730898
0.29605411306665647,-0.693733352963902,0.888679878748514
0.14004824678230485,0.3878813293817392,-0.4687950653541547
-0.35829765330839286,-0.40983763575349885,-0.4870569896071579
0.1955082972441626,0.6244184367167142,0.2615760730450478
-0.5941830987326672,-0.663620202351276,-0.45315894858833894
-0.3178537188338936,-0.025052469216656974,-0.07617010550177718
-0.4459869702696026,-0.7721324793328763,2.1270984345988193
-0.15355692167838975,1.2260607905008616,-0.26018803628808834
0.9975183211718323,-1.0082899060224428,-0.3734253933901345
-1.1584036066006504,-0.004385641611160778,-0.6676228722404939
0.15802435411086374,0.21280203477082857,0.7481524642678316
-1.0271748957724058,0.06532386343107784,-0.19324981770842886
-0.4390624877818397,-0.33631769281765084,-0.6694857386271642
0.3656247618786224,-0.29913136620345965,1.3352338698265451
-0.16262728066111545,-0.18272436016517607,1.4352309114941597
-0.7513793583408396,-0.3106501066172775,-0.6196906864726038
-0.5645288339288872,0.43411017475626384,-1.9076786489423594
0.1545896421410859,1.2698889408327743,1.0160229438906794
-0.5722942755512501,-0.5858519094928614,-0.7053515708144177
-0.08417412466513394,-1.1304440389282433,0.7953882114413863
-0.1722719743642521,-0.27128289783164206,-2.0130315333390634
-0.5316876148706188,1.51739996155815,0.899121465359792
0.9095092836355225,-0.7508985158914264,-1.2409894464234155
0.13104072685361698,0.8868050695133962,0.7344926518742341
-1.2397946972469234,0.9126726773509911,0.005624548055828033
-0.09964233444585181,-0.5832348841801367,-0.9793133635221505
2.400568248118428,3.9604099191324296,-0.35570280859385056
0.24369218224186096,0.8796180124419608,0.6892792114421123
1.9983004245651887,3.2732756007559742,0.18899621087047044
-0.25491626892962166,-0.3485815409335414,0.5856133648328019
0.06457208977444613,-0.6020688585231108,2.0016876039734033
0.25056004746280264,-0.8924128582413354,-1.6001582448430303
-0.8145588326037605,-0.6473871965306198,1.6362540961754153
-0.3682123896668075,-1.0326543175640537,0.09726355778581552
-0.4406160199188651,-0.18924623785979955,-0.9232052088414516
-0.532578913045204,-0.7283043636060861,-1.3621892607604098
5.134449143643051,3.1587591560724837,-0.17536631579973233
0.013015866035333909,-1.2552048476757631,0.9286761122551995
-0.845793744871094,0.009733146853989688,-0.1386475530756878
0.2774228258384624,0.3467204292259969,1.5283643545370067
0.8982768945483678,-1.5487428631155122,-1.4851391615133074
0.33650467686809865,0.038679557798443204,-0.021192859293975762
-0.9790519515127429,0.6109609815397533,-1.282923044225438
-0.44540468805226396,-1.02306777239715,0.36101837530600717
0.45736939398913373,0.9092344616409729,0.8933128804350315
-0.5605931253374691,0.06882341257432045,-0.43692534013157613
0.03303801156556839,-0.6847527617788111,-2.658095530834806
0.2035840439018928,-0.2494854536223255,0.19348980386473805
-0.6736295262536265,0.16221863860807242,0.4353879284192556
-0.22645310304400373,-0.1611408152673287,0.40238368001567176
-1.8667477871921432,0.1490978431419062,1.2482346790097751
-0.7238719652341422,-0.8293373563901729,-1.0984507186275847
-0.3259731372223639,-0.09855318359777065,0.6830714446269359
-0.8390398574141349,-1.1598833312672758,1.2042124495307214
0.6457969798515449,-0.2866650924629338,-1.818206944990629
-0.933051622354924,-0.8180970763684107,0.31627858339640924
3.3385133349531424,3.3718892187155274,-0.4767568936323301
-0.12836463433292256,0.6166087476252575,-0.09182602014254006
0.5472589238751531,0.5195428539794165,0.34478735405602173
-0.9360008727803801,0.19628364270840967,-0.5045402933803264
0.4038841319218085,-0.9444082092568629,-0.696275705156704
-0.1904902998725563,-0.4242240902199695,0.025847304307735172
-0.7017664079067887,0.6011920515274308,-1.1149226916541846
0.04246405044655078,-0.11708629766684187,-1.1134773378392389
-0.09314383795290342,1.3428353495915077,0.6822140627629748
-0.505197712844943,0.05159275642013295,-1.1775340029382213
-0.15978047052444122,-0.0833424299071568,0.6689276617271871
-0.39440786563261215,-0.41933537523782544,0.4616872637237406
-0.13724378798290637,-0.12256768226896564,-1.7645143248342505
0.1455847795682224,-0.31431586893955393,-0.6981643497763991
0.6218790656799592,0.26263578223894035,1.2058420120211883
-0.8339011825163228,0.4292986827802457,-1.0070097937935762
0.9038844443613541,-0.7390420126248569,-0.48132171228510806
-1.2021325047776377,-1.1045858053550812,0.4611477017130878
-0.2740160921739368,-1.4431309431105495,0.7880281387191004
0.107531461653906,0.12847250296882556,-0.26477918478192075
-0.05090505582260183,-0.9518189591294018,-0.6167269882838452
-0.5167882690336963,-1.6554440066149998,1.438045564861299
-0.3030597848613675,0.048415464240232145,1.760043273362863
-0.44992429928011246,1.4592677014674516,0.9868722918818984
-0.4996030809768686,-0.21616665868756138,0.0778968936966607
0.24223258423059496,0.3500469428083951,-0.831123219797204
-0.011712331371908427,-0.15723629359498,-0.8536850312697919
-0.5529839172342216,-0.27839448037115516,0.5226452150939273
0.26800811554677734,0.40407345740901207,0.41673077681447035
-0.03734257846980471,-0.40670331819913125,1.4169154820176448
0.22329189349870293,-0.03283061536637732,0.6527912375624643
0.12882899500033,0.0035770370130980477,-1.537940401459401
-0.6231405122760303,-0.659999803634049,1.0612244473956702
-0.48455789639408325,0.4529914544838374,-1.0241967449656357
0.18948912600971335,-0.3293936293803277,-0.39949927910143607
4.495048978123754,2.7443297732789587,0.29560492222454826
-0.20654125853586147,0.1475919732147572,2.021246645166274
-0.1352795856045905,-0.8144502032673995,3.154745884856874
0.4629133109611186,-0.1932032829894362,0.6083088398198688
-0.5007406737106243,-0.218210165127889,-0.19525633629741418
0.08628125950527141,0.5159128117888561,0.5348439066893345
-0.3000028782983125,0.10615204610959095,0.8940941836755226
-0.3079877456002975,-0.2288752292233071,-0.3351020913994855
0.37069052583909345,0.33615277739002497,1.8173277239976815
0.229764020113808,0.719930572523149,0.2251500450404039
0.22362571030834252,0.16187229393622266,0.49744629103526
0.4772523149369844,-0.2051559450735666,0.6685327060524641
-0.18493760129651857,-1.0915817968210157,0.4199742445028223
0.1558038382440338,-0.9261733052489589,0.8445377303938345
-0.3557187029748738,-0.4167262498226554,-0.6368110312213782
-0.0286471611888393,-0.620727594993636,-0.5768412398005045
-0.2628588945004284,-0.3374464465957247,-1.1280539705927408
-0.14576111350743615,-0.17411716570571986,0.43819833131006514
0.11105761767926665,0.14302163963295272,0.7834971920523512
-0.6175859850636675,-0.25936058394324873,0.45678560092181963
0.8829300173813246,0.1140653245979062,1.6945234377002634
-0.7144014802908151,-0.16887144749827523,-0.014587767921613742
-0.8217207304973542,-1.53649485374836,0.6713987789377366
0.40127920354014596,-0.8418486573197709,-1.1194545859183018
0.2123628791078671,-0.30869619497214007,-0.4026817518184618
0.12598890794835885,-1.0231037903043176,0.6986577712188634
0.12816739398124147,0.1901094549826618,0.8548748778000642
-0.20207940803314717,0.8141540258696882,-0.30794017160560916
-0.658330501545702,0.604989429264237,-0.08173117637193718
-0.15668599431069738,-0.3551935952905556,-1.5529893963212256
2.4442622532781675,3.430140590078452,-0.32443262449523075
0.3069411346986262,-0.11242649321680807,0.8968690417317424
-0.2715787973159437,-0.4380867767107922,0.5762463371275843
-0.6213372718021957,-0.6233358498871814,0.5004194104504668
-0.3614509641724904,-0.41487922240681013,0.041738424232788736
0.01711422528788702,-0.4723392572611045,-0.00170990901003885
-0.48638469596541867,-0.09784562024901573,-0.6806229631792202
-0.6196479708911967,-0.10444408546500666,0.7020052785355898
-0.07013685702996998,-0.21005445775033696,0.4193499774766341
-0.06947730424752557,0.08083683030686248,0.4916231663107148
-0.45711199188386364,0.5861400991028645,-0.5440169325056325
-0.43860182755042876,0.4245063774042043,-2.1994360065101106
-0.0761362620717268,-1.20760636968941,1.1072104385850623
-0.9423018217284221,-1.92430411622381,-0.4960042327511872
-0.9213605572732314,0.41429300270995384,-0.8865748980512972
-0.566147873169857,-1.128483533500488,0.6965633599576265
-0.3058049500662842,-0.3627844807648191,-0.40767955799254896
-0.03548251042958662,-0.9965672959497642,1.0693512159745815
0.5648298160808743,-1.4201857582590127,0.618769362452052
0.2463865091649557,0.1509125011207048,0.6864825876676759
-0.2782194612833477,0.2968585202700722,-1.3984470468163397
-0.2055692787996914,-0.5986024274008762,1.2239846785479007
-0.7126032906369896,-1.9491909948057513,0.2568684332701742
-0.2053099283607315,-0.5783114359465058,-0.38455131202717435
-0.3445789937425896,0.050577847253880565,0.13697035656243026
-0.029393546590267914,-1.2035929495015936,-1.8158139581015373
-0.6222310763935396,-0.08916786746296514,0.4068170199518312
0.07197475705072802,-0.22236065521617887,-1.0560485068651206
0.594412520074779,0.17627378052484946,-1.3849321218612363
-0.2518352894835962,-0.13192714731092242,-1.5575523197584036
0.01133007712644422,-0.8644644040325021,1.1230144732413414
0.16002658393299632,0.5901125076385649,-0.6490287091586627
-0.40260839310295665,-0.31837845592118025,1.5513270685682874
-0.080238597238771,-0.23040217181248512,-0.5539522667548217
3.528373072400476,2.8901608805607246,-1.660522766734343
-0.14541048185276165,-0.5092832081890676,-1.1447069653481254
-0.5942782504050894,-0.8052886930965295,1.2482646155528858
3.373063550314258,2.6648917144634785,-0.1213763847365274
0.06096903223963242,0.9354721997553731,-0.5666537872094647
0.5523474041552286,-1.1318506959527401,0.15388738648446548
0.29877049151706053,-1.293865295431538,0.5015557211522637
0.9142719722200279,0.7742098834942146,1.1278062848490007
-0.5913591856286216,-0.3524319929313901,1.4646263058449356
0.2539447532525528,-0.6606583501278359,-0.37487856372926404
-0.1012468341145115,0.4850794678817664,-1.3578496289625972
0.9331510554183656,-0.6181151827795754,-0.42950266161030815
-0.6124706562357427,1.012102378574654,0.2558816518905682
2.9116475766860903,2.933938335579986,-0.948177231657567
-0.5047727937575225,-0.5392036226595563,-0.982580336124699
-1.2907052511347161,1.2342125213946262,0.3408315782609744
-0.46681012946252254,-0.6181818116098576,-0.05838787896099229
-0.5871241285255413,0.2854212453728691,0.024468467939813155
-0.11823274597647039,-0.011443942267677318,-0.7804930723674351
-0.019579120561511724,0.6606207550162508,-0.24327586076994495
4.18518655582032,3.7023202888815128,-0.9097134439564529
0.29420957259445624,-0.19064026132631084,0.8966810978242942
-0.4931789654156688,-0.7172052685742527,1.0442377092560513
-0.6589286750324536,0.0962793363245559,-1.88697498686311
0.057835042166831566,-0.6664525690206387,-0.9544628122198884
-0.8763902747524209,1.1377245919829149,-1.531276188478654
0.7484126210085326,-0.12056014992631076,-0.6701478786424346
0.41227514570318285,-0.4570165598363934,-0.0937744026985447
-0.437641567204947,-0.08828265022735099,-1.483582252990515
-1.078944081197435,-1.1152410637568164,-0.9466795968420435
0.5022008214828451,-0.8634890039818984,-1.0301953532800083
-0.2548149169888204,0.5926885452853801,0.20195269651127687
0.44237002978650974,-0.6524936303266823,0.06164714804172984
-1.0177467090352847,-0.9139698091711741,-0.7431003172779029
-0.5047637087728767,0.14768778267012883,0.17098029073920917
-0.19306248292860528,0.5828267879729861,-0.5650188114614657
-0.17154571451006762,0.2699062745695477,-0.28524290756382303
-0.4277896282826157,0.45567672414720917,1.6934651232047195
0.12533423980084824,-0.7194694334362836,1.3547218180241447
-0.746159917171472,-1.1653111899514783,-1.3309259841007568
-0.2691671848190498,0.7944320707659472,0.8351705824218228
-0.13374935402033955,-0.4284285739117982,0.816517975447544
0.06944468335047475,-0.3802608098105017,-1.176994088132709
0.17109554583073652,0.6783553564126173,0.8240265696249596
-0.7755564962394185,0.16081282647160175,1.5556039028278548
-0.9866530834859896,0.0935410800533634,-1.1508313306960911
0.46291945927077754,1.2393708444111993,-0.9422473397009684
-0.02444676951070938,-0.6435260193489875,1.026346019066652
3.7258870969725337,4.510853122891201,0.35318315554292967
0.6039050712376837,-0.17387366806255058,0.5521076932016468
-0.13613163314291174,-0.032026131339395594,0.3375776576457971
3.1878418529575003,4.249653720760419,0.43775885518632174
-0.16095774474455576,0.12836820484099043,-1.3582814032354629
0.8666188710992894,0.14878950661058857,1.056514556714434
0.7091712790746859,0.5069370351052789,1.1808990398872488
-0.32411515286934467,-0.45676929322967125,-0.2422484438636976
0.3051116183396112,-0.7747220647536657,-0.05312307452506433
0.13694715703790478,-0.9125607216562959,-1.5664517592277565
0.509809675419098,-1.530387315412508,0.5142431893955272
-0.6932161860796465,1.1664320271403943,0.5730443898386485
0.157916746602771,-0.9517128710865469,-0.07216041859345151
0.3498875284996777,-0.3604301037242867,1.1348809653578547
-1.1024549659451208,-0.39767859005672246,-0.3487433415737224
-0.8057752267245066,-0.006004051122131963,0.5654641525176525
-1.2470583539178308,0.33479243096995565,-1.0461736504974914
-0.3346540429765374,0.36478466039494334,-0.03285408386962751
0.1741513077978348,-0.603005120785478,-0.1862612277733102
0.5787496520012404,-0.32413882493229856,0.220304932073963
-0.15756744208609266,-0.022648474196376882,-0.3848054166142942
0.6438401391359628,-0.37882483725248556,-0.14263880459669578
2.762179062474111,3.432853823837702,0.916349503569478
-1.0739165519278564,0.11706433315923699,-0.4532042185236327
-0.224402487395028,0.28058240955067437,-1.6432250599258083
0.002232831591054694,0.23231428647758173,1.7709120790980264
-0.21262102494241605,0.574627315125476,1.3964229805650938
-1.2616015147989879,-0.09073555857196157,-1.3234810178428478
-0.2417101547432628,-1.081522579068556,0.6927271091597058
-0.8682635554488801,0.05586342642581251,-0.5205585082749047
0.14947286867152898,-0.6487812397963066,0.25914375505398585
3.2720175738090966,3.5873719166412092,0.31127626460444524
-0.6803053322282648,0.18101536022028228,-0.24735216744568053
-0.4606814130366832,0.6180769044786952,-0.8061999365695159
-0.7418258744548526,-0.19783562494854703,-0.7113649110841984
-0.22807896239092598,-0.005047816844126405,-0.9409137888792278
0.2966421084498938,0.9291075149495538,-0.8550866338323841
-0.7039406165968574,-0.05069010459416136,-0.07723384448616624
0.06408709466342742,1.532131687317992,-0.7370194933852046
-0.46913136903988234,0.16703410827731477,0.6849391202562107
-0.6045183179141904,-1.3925524775490663,1.5040425665615853
-0.25094352550672955,0.2929609897268325,-0.5989684741417448
-0.7294679173168326,0.043440778127212275,0.23464502246298596
2.157587803769277,4.8003072618454725,0.5877169932465361
-0.8133120072975054,0.23921969902805312,0.47126081209642573
0.8171159019679388,-0.3049206596043206,0.0683722797047035
-0.17758624245470445,-1.032894308577774,0.7466168342930666
-0.5564977488013323,-0.3522305845357453,0.4816845005612388
-0.08545196672716034,-0.7823050767181062,-1.2679375505244777
-0.2536746622099399,-0.6012928679088051,0.8752752542500173
-0.309683024163807,0.18249993535975378,0.8937232969683246
0.1208577423786224,0.9074458517904553,-0.7853666001800149
0.19475483960134052,0.052500301654077146,0.029698113617381148
-0.4692569165282322,-1.0138441214588705,0.6862381056815922
-0.4926193975774799,0.08597528656942696,-0.22182469976049338
-0.3375641589877415,0.5901527229511722,1.0826181684221616
-1.3824833352915447,-0.62090907995506,2.395812221707772
-0.9768975864981985,-0.30194477426918126,-0.8084586594352192
0.5089037334526999,-0.20224927583747462,-1.4137965924216866
0.6522702300310392,-0.7383104822654739,0.30017184132817526
-0.32415221513037434,0.2225255506073462,0.7251320842952265
0.10146866181736076,-0.29318300362599986,-0.24374956446452622
-0.03530589434033996,0.0691676309131397,1.4694699908403606
1.3915005130036016,-0.8070917715400665,-1.3706246782273284
0.38141262289272665,-0.505378697422526,0.6959933923431085
-0.2617115937571475,0.2722045163229777,-0.6252218675665484
-0.6883789246450981,-0.46205250996412955,1.7401842864102641
-1.0239427320339325,0.9456997518109538,2.0180400568436108
-0.09087345905685937,-0.48002188081495634,-0.7887953073351668
-0.585689957404384,-0.06146276597772493,-0.5679455625179608
-0.9289852648214978,0.41313378808840734,0.8655417909869848
2.6168084093358024,2.9170322014362187,-0.310248530659579
-0.7533400487127255,-1.3925833524233489,-0.055090756233435366
0.6740123007931456,-1.2349317034459824,0.01693191335532072
0.25874907222279736,0.6343688758922225,-1.9617297053971188
-0.19987594990746171,-0.5820749881075317,-0.022971867225651026
0.5671950436851462,1.502979127407833,-0.7105375838252493
-0.15587982903096975,-0.5903811625255266,-0.5105363722610275
5.806233485479381,5.806442305903367,1.571035941739583
0.5894557498460987,0.8217694416275165,-1.2871075520415978
3.902504394566167,4.017729425529943,0.9071381434272736
-0.7305009598581924,1.1699828869634936,-0.29267696679107275
-0.29389175702872616,0.5980199655023676,-0.2934879768768338
-0.6471763571539895,0.4744585179676414,0.7951301257260505
-0.9086454158500701,0.18514713070138428,0.33703044346254746
0.2817097967261901,0.30973460850821233,0.571574993231314
0.7886025194863135,-0.5816241758442589,0.9760145237371377
2.34272722835053,2.2189235751216327,-0.3028029589263948
0.09446373324725056,-0.21435889374991274,-0.6317079222859493
-0.5311938479455266,-0.32619226947833324,-1.1127910820676552
-0.4468952557729581,-0.5159511002751161,-0.8485641967950531
-0.5011647182924641,0.25477760026428947,2.9911435914467175
-0.6411819994068494,0.428362029256467,1.2572857662159695
-0.17075125971568517,-0.15282656753849025,-1.3833086334497837
-0.6241484347149382,0.7784736087241163,-1.3541978887047679
-0.05633622321557038,-0.9775112508945742,0.4812949953342273
-0.2216652159916608,-0.3419303405795037,0.547823464001642
-0.3189515166242563,-0.6926707693628704,0.5494704700750196
-0.6636452865222846,-1.4634657074869486,-0.2682551177930553
4.656097002233219,3.016959967535518,-0.10061630960161584
0.19366372101437138,-0.2937189128258667,0.32464841133070527
0.06247382120052333,0.8025549773543639,0.07848168793084286
-0.6997282944180887,0.21081409884170244,-2.2665328439766754
-0.14455665166935416,-0.8987350101561553,-0.24266439369676915
0.19159947193225224,1.0309297697299642,-0.8750091683380574
-1.056400187523241,0.6065125256789161,0.16934303494575995
0.08435461336712481,0.17815512421438576,3.027932895141317
-0.5373705530576609,-0.3639367347802786,0.3649346613792106
0.09839696122607201,-0.855326736522037,-0.3278408474026022
-0.5892514750634901,-0.4616325730566642,0.9288301175013591
-1.1262430308584017,0.5178255648005852,0.4821310174814164
-1.0348184880730311,1.0513734749188433,0.4184563486523027
-0.170976383560265,0.8225294168818449,0.608438576991783
3.9523589823346676,3.3730763409540723,2.116218317765747
2.226015500558377,1.855046066819608,-1.0625942051202641
0.1334500400598823,-0.11764319576901999,0.4729187721340107
-1.0523350927946404,-1.397699051248879,-0.951279017362513
-0.22983213798292063,0.004562497175442879,0.5562137907542988
-0.8200852452042544,-0.31105275240946306,-0.943451477879987
-0.531809157157435,-0.5245381817910115,-0.433471713339974
-0.17133018151304413,-1.2812222363513444,-0.30908253690916987
-0.6393377274818852,0.13223275800094492,0.9837784228463753
-0.3940170640815378,-0.5692314888869657,0.9254252405820607
0.32301190057935164,-0.9964357654221915,-1.2761316502624231
-0.49317288926566605,-2.1377273054155577,0.046987991994055685
0.23506152055088594,-0.23054320571493278,-0.7307326000517427
-0.7781675513065686,0.9760616991647891,-1.2891400832497817
0.07736603334512145,0.9016498504363453,-0.22966100036695392
0.5474111772138911,-0.5185444354923987,-0.32270676685472494
-1.469981405913939,-0.6158334118366741,2.459741814418231
-0.6065920119594213,0.10218047565176294,0.4315439262904422
0.10173424619836197,-0.8814371674449152,-1.4103102884081853
-0.3004424910679943,-0.009768340982914554,-0.5834252951641692
-0.004427642838411187,0.3015012788927481,1.0301321405255057
-0.5071404027819902,0.6104677053356034,2.115624578495643
-0.15112584696283907,-0.2792421788590774,-1.622275523223031
-0.27602262104045483,-0.34864415178999203,-1.9212942926437298
0.4062650253344818,-0.800716322731579,1.894390155763753
-0.06460330990801674,-0.7664562092183338,0.38744950221514063
-0.021720293045378578,-0.36393324392223786,-0.8921871689603933
-0.4081021732195924,0.03419371507116659,0.5349694766595735
-0.4471431450753496,0.4003915901831439,-2.6901741465048628
-0.41876403649513083,-0.7505662426483451,-0.005461263529783566
0.007587520349442719,0.7886362080603948,0.32458905202234295
-0.4127974024429807,-0.3938640849369012,0.9313413996376951
-0.046377130395350345,-0.22642170594289315,-1.0403056178822396
0.8741729188701315,-0.7130444950886896,0.07827228716530125
0.25332820953958557,-1.8373630717900524,-0.95030599027628
2.2840672873642465,3.260490270236934,0.31385629867634124
0.4235002704743321,0.2819005356660842,-0.9197080977502722
-0.4061423244995919,-0.4007050520502915,-0.42404567345843897
-1.246487327024788,-0.16718446041806387,-1.0219127270847101
-0.7154680827817748,0.13380095196672248,0.6534892397625931
-1.1602217533680428,-1.2596633020479375,0.8643853834805972
-0.37698277407532343,-0.5667856768665658,-0.247568612584236
-0.1862704938827109,0.3203967504671551,0.03000345824700561
0.6684938634496901,-1.0530010908508298,-1.4825102439288658
-0.027223762137581226,-0.01528858249593112,-0.3137485043892998
-0.30871945553100455,-1.1215802588020223,-0.059966959102668
0.23182060307903055,0.10060882062234222,2.657171002974061
-1.3356801823977849,-0.2359914502269609,-1.1400708239448554
-0.0742985805443939,-1.2949181398390834,1.480575145079512
0.20164107042895632,0.5687715031713236,1.0051839687514597
-0.9580265761876111,-0.7045836878779955,0.27658918854954667
0.3938777761052939,-0.755308470763541,1.780104761840959
-0.021259537312360563,-0.0776303715917431,0.36963834264828627
-0.40986063117653104,0.5579763482291898,0.38698666091300504
0.13045448469491394,-0.8931269179530936,-0.06293336825557971
0.9748525239747942,-0.1707449881976439,1.2358103903169648
-0.10200763307541556,0.07539187611779358,1.1065151538758902
-0.06779975030136448,0.25257737902958477,-0.6453806546308237
-0.4325817331459196,-0.09380609833002276,-1.3509316621241607
-0.6338890557334874,-0.4581604944478637,-0.21538211477433075
0.23230017060050961,-0.7669321201385794,-0.8227539422054874
-0.6371057047542541,-0.15434373702305185,-0.07351701280250125
-0.15887099089397003,-0.930883260926808,1.2499192275212687
-0.44201421676718067,-2.1706372120920063,-0.4740964107972392
0.0511643755403899,0.08058316530381596,-0.05245821592821031
-0.023751782205986182,0.3939221520208377,0.050129970354955276
0.3391208464851713,-1.7962608943924043,0.8541920540986674
-0.4586963416421771,-0.8890432946911423,-2.294598391799863
-0.3348953646606379,0.20299869366567774,-0.6260758430993894
-0.7003513017331279,1.1672957597889402,0.20603844020891243
-0.4248138597482958,-0.19815599937040862,1.2119146866831865
-0.0012547300176325392,-0.7001665148800992,-0.5092949159538037
0.1944872295461945,-0.3347145653616051,-1.9178643693445843
-0.6711729329819408,0.7096522300383014,0.6215215950443115
0.25254522580659094,-0.6451658397085988,-0.6552330616206209
0.503110988015435,-0.747893303565641,-1.2191126826049652
0.01737377010246395,-0.535738952911751,-0.6440257489276794
0.7717853888435322,-0.8512300304935395,-0.19660802858540144
-0.5946800651011398,-0.12985557530252004,-0.6240864302617363
-0.8374270217629448,0.8771252692386704,-2.2525612743572716
-1.1127557190067514,0.004503204246473061,0.9036675214194543
0.5754952225371731,-0.3812801784157981,1.2880028394178458
3.6235443875566085,3.4567767018866187,0.7037329716945375
-0.22442154770792033,-1.2600956925923508,-1.1662337463248593
4.108846494825728,3.8621909708118234,-0.1729437069177096
-0.7759931301797458,-0.26428042898711723,-0.015529048390751865
1.0651013714187094,-0.33309446967216966,0.6002432061340313
-0.12914793356462062,1.928636259425105,0.6709906820904984
-0.13936910108005204,-0.011805750830532669,-0.7557513931256981
4.932157717937183,2.659625294268422,0.13425294656093212
0.052210602379220185,-0.49793652977275954,0.4562846323391687
-0.0803460640862261,0.5578478682049008,1.4720759011413165
-0.6032818742417201,-0.13615748836680744,0.7077814850564832
0.04729196159428386,-1.1763512548144577,0.7937921974263238
0.7744809507329635,0.4041756644636384,0.07637961383329522
0.4978433629667616,-0.6600357596920398,1.4259290962300055
0.6255753434104742,1.0438053846624302,0.407946178900795
-0.4593146094474656,0.5119925130636447,-0.8848578872842946
-0.7059402546187181,-0.511991478858337,1.4187174589205165
-0.2606131612136909,0.6467262862902381,0.7010641493727121
-0.16703772509312811,-0.16660468307497817,-0.4595924827854542
0.36832663265431026,0.359622528301599,-0.49667106779909603
-1.0682880549580842,0.11287946256134644,0.29280367050654016
0.5927686931827553,-0.7795135698448062,0.4622910186179461
-0.277224156065998,-0.6435472060154441,0.19180531811572502
-0.41583729186471835,0.4784128685864177,0.3077913068077161
-0.7175395296857442,-0.4365376711118069,1.720428274048812
-1.0488998916024324,-0.48271180412463316,1.081158485732265
0.2286062529369913,-0.8524327500213843,0.18503365276877168
-0.15796791535526417,0.07189398773134337,0.9486762066334853
-0.8607838852471771,1.170667618564891,-1.059255358386841
-0.8634223200439147,-0.9277952269459168,0.3959059758323335
-0.36887405811244856,-0.19585929835995086,1.8316662023385517
0.66467077658945,0.7346885988925279,-0.23070761815745564
-0.3295938323117634,-0.265490002344943,-0.8711714944011034
-0.9706863822654145,0.09118388889544259,-0.6722485039601684
-0.32245457585404963,-0.9243496641580085,-1.117351026159496
-0.336363931243332,0.07505036053446962,-0.8072133887414303
-1.586101283440613,-0.33756240431602214,-0.3858035356261625
-0.22375661029329824,0.44875950710760726,-1.438742621877884
-0.3148202800748819,0.5839543703839377,0.006993053020899977
0.16315194055305596,1.5240065141130343,0.9089685155425092
0.7574330808820869,0.17650284638217098,-0.9323323301061037
0.38501626317539206,0.00632477274987546,1.5366337725446353
-0.3343869224267829,-0.08177686805374412,0.5107207059207765
-0.766216996374529,-0.44886739464531145,1.0394883096680774
1.130887483496018,0.014830782917857855,-0.6780934229376825
2.4415651474832676,2.6175449127345933,0.944815042395414
-0.1885847689035969,-0.09915646226065312,-1.119691635560896
-0.2082030773439581,0.6712511475869908,0.8967310355381585
-0.09364644953708685,-0.8869058926057276,0.16591270471868325
-0.27018841906256563,0.552104254869811,0.5539132992990883
-0.49150778676825174,0.6709276897505579,-1.2047975409034355
-0.4776899076602377,-0.2912524389868704,-0.9194268415978227
4.512032459344641,2.2951580738625768,0.6629658631405148
-0.4759194778143611,-0.6195944358946075,-0.9736253592303958
-0.5632616903553136,0.6574384293175104,0.4623128867973364
-0.14089743473269478,-0.22742785533414062,-1.3996495622266867
-0.32721509154136674,-0.8820518066540294,0.8539309507121043
0.5795930321169638,-0.5505093101359124,-1.2627096672518796
-1.5624296155299262,0.3514744424136556,0.5529455840305714
0.36694259702529564,0.15444619362284023,0.627543339144802
0.4466329149719904,-0.3722821608272313,-0.717703310809571
-1.2646679764898883,-0.4580241121227753,0.5831857272539727
-0.3724327318473218,-0.4747402636951579,0.2560462029145303
-0.3872560076854742,-0.8305016072649938,-0.5570451812850574
-0.9213852618160366,0.8708884786917983,-1.0348720817199444
-0.596756370467632,-0.42818764423632727,-2.005424226120096
-0.7683048745598638,0.6039145193288461,0.3467950102214895
0.7075883854222945,0.8078287318263462,-1.6007290982682967
0.2866078012271441,0.4571940338149938,0.08809614608320097
0.45976350377549074,-0.5014647761041089,-0.27689424300555077
0.17628036243161768,0.0585733692083659,0.681979573333553
-0.7778298338265389,-0.22831787146198937,-0.3161582766896466
-0.46617357164902334,-0.8179591162255062,-0.34403392541913985
0.056523210241372204,0.005361351489628073,0.7356183528455458
-0.8258136523092449,-1.002552004824281,0.33195092161855716
0.17180881332357772,0.5841510301940517,0.3127223251394804
-0.3196615874010119,-0.523586714368226,0.46847889063025294
-0.3889984808939568,-0.0772345145220848,-1.5709935041425833
0.17075791782412436,-0.02217386761833284,0.7609667750865728
0.03326684831170817,-0.38567243581829125,0.6141538296183541
-0.38185594850271604,0.1812364541495973,-1.0431409413515442
0.4019076027587544,-0.5304829265168506,-0.25719193177645533
-0.7530901819749098,0.3720411912471621,-0.04888138334688948
5.013521895205725,1.5277316059106825,-0.06472557380504101
0.10999780061445631,-0.12736879960656497,0.33073216312535525
-0.35534735526335376,1.0878060677050312,1.447197902641445
-0.027633276983694024,-0.8827417338353798,1.0915586687225507
2.848488475388765,1.9320026405246176,-1.2951550029142878
0.2806011272624467,0.1324390760541561,0.6239208821503437
-0.29108903751278836,-0.09170081806748188,1.342994949509097
-0.4652470311934298,0.022973912498564217,0.38459537910774616
0.3450336457314887,0.11586573646487122,1.1009315286124655
-0.5588785767646147,0.21343530806820366,2.0381364094921275
-0.9218748133068221,0.531871746629377,1.0324985761110803
-0.9982603224050568,0.06265528444928997,0.24472020624624632
0.1166526649096892,-0.3738412667492876,1.0542468152134044
-0.855870053026999,0.2388123164309964,0.1384956231692306
0.7088894572773269,1.0616280167771601,0.015420876890541715
-1.2690702077864517,-0.30101729745135875,-0.3663798350714677
4.942689495447659,2.2052779984693363,1.6522659022302053
-0.08697920570549411,0.5301157929618187,-0.8414617242756861
-0.24562463815742294,-0.29280288405822524,1.5499435902119008
-0.47668984765288513,-1.668704272185363,0.4996039655799436
0.010002264966666985,0.35603442562411036,-1.4323736243009997
-0.21516773704836245,-0.5709929223394319,0.3651051845844087
0.37302333055425596,-0.2727921769114623,-2.1451985778496985
-0.13687760275647706,0.010470678122179986,0.6274182989985323
-0.11828018795717588,-0.08438120795612315,0.8916283682948439
-0.38322007414746484,0.26353625452459817,-0.6114837121410958
-0.2251231645177818,-0.50405667030931,0.11678684499719016
-0.03708365277626673,0.13190136227171473,1.9790195220518714
-1.0774149384039529,-0.3861026488754602,-0.5233783258624096
-0.8908005789331715,0.2832189787256257,-1.0860948078852781
0.18741177791826946,0.20045995117433693,1.4983633742061722
-0.10767892308672752,-0.839236225427628,1.9875948989944132
-0.2906153652566761,0.5159708371320499,-0.005135567571995341
3.4667911703780305,2.2291667848347294,1.0534254773147738
-0.016575761610097394,0.3296439748220989,1.3557542130679137
-0.474030000595149,0.03414129240534742,-0.7642053857974545
-0.5970079703245004,1.0202640838586698,-0.5025843503819887
-0.09480098980602432,-0.36191331999711224,1.2432422224559514
-0.7001497599988082,-0.4462866034226514,1.705227043088998
3.618868767771476,3.7866863857492707,0.6201805431725955
-1.0735047256380357,-0.4153552873482229,-0.9039078212878829
0.33479845511579753,0.3242028910365702,2.0124915958681138
0.04787406353686391,-1.2957084294952554,-0.5490382557269871
-0.06377387264103908,-0.9185095360986583,-0.34982221228084937
0.310844368227764,-0.9279762460738369,0.3393564823062506
0.6628421374811514,0.42501151201281046,1.5721127450255752
0.3271759967957937,0.9347380144304943,0.8598329373940123
3.75685083806109,3.7141947489000855,0.45099628398117636
-0.8554306195848924,-0.32527855038155185,0.46239654544018494
-0.5178807144253638,-0.16513199660049258,0.03537128403563535
-0.1823149746882927,0.5668533881320693,0.5588860368672426
0.0711047974255482,-0.8338154745568488,-2.582152142288313
-0.5699110575675526,-0.052288524997343835,-0.3106262966284103
-0.09948125614437488,0.44169836648759814,0.23659557963934158
-0.5851910173853901,0.12384849011769844,-1.179792401712728
-0.5110237190589121,-0.08499669865189301,0.3841017945740824
-0.9209467500916835,0.45902777113526777,-0.21689844750912102
-0.671723482548514,-2.0244057547092686,1.7769056512350692
-0.8926045253688595,0.24236664343533995,1.5912978353162464
-0.6988611712330558,-0.6506039787707947,-0.4827472260229687
0.3474218913050538,-1.439395026720654,-0.16233844394097235
-0.6852127487675752,0.1306254140722205,-0.0841200561596673
1.1613154385014997,0.7088357392753627,-0.4683567658303022
0.058556134062056765,-0.3042452289496201,0.1894988702682306
7.2765333998528705,7.0836674468568335,-0.6383529950236567
-0.6382780044327557,0.8688118893044054,-1.159041274051644
0.16526743992769755,0.6694523476164655,0.624573192759278
-0.49252638790099507,0.8873734031542972,0.631509337111925
-0.13286563523750133,0.28544277873201224,-0.827105024044086
1.1240436392470028,-0.16152413131597798,0.9019272025988303
-0.2452878853925325,-1.2860913475863411,-0.651383023709519
0.3967231516071051,-0.3770625377733071,0.24864347036188342
-0.558276812301026,-0.7774285142254505,0.825619996782426
-0.21380352606574438,1.2433534069853867,-0.04308828670987958
0.7171413208690339,-0.3300144784700856,0.453701271303348
-0.518988327956494,-0.12949724036971755,-0.5342458083449524
0.7386122214004506,0.15763191501514903,-0.20875553352763743
0.16910406936953742,-0.18286449574498398,-0.2183106380892634
-0.48573626979220696,0.9243046686120103,-0.7683702237311957
0.1302616096548736,-0.629535049274196,-0.1887229357331655
0.30561864488427476,-0.08162726070171966,-1.5842650464690538
0.12479810032599947,-0.7098659568696911,-0.5085332821360802
-1.00526928244809,-1.0970700666762843,-0.2986916666295626
-0.5706293827474319,-0.6222406651769572,-0.26950022006117696
-0.32336994248368894,-0.23692690136504563,-0.2545642833585717
-0.23413871459844357,-0.4999106763970957,-0.07172622838496061
0.12421149293509515,-0.6763115486633805,0.4788285688283307
-0.10415496124787565,-1.1549241898607987,0.880728872965013
-0.8841805801612703,-0.26781246931168595,-0.6698847020300014
0.00023895516663909253,-1.220895766829431,-1.2328806759051811
0.11901164012209908,0.2974624396029382,-1.068940329501256
0.09282496104934876,-0.15682707114279693,-0.5045142074921026
0.3614129192100919,-1.1892726671914085,-0.36689567678379187
0.23414904810037276,-0.4193974650232366,-0.7921924736992919
0.040956942277691255,-0.7163595535551177,-1.3274015625273108
-0.23193856304755678,0.0018853614219145095,-0.4728951849320216
-1.0520468431735663,0.6865722649493715,0.17566560088666433
0.025716812118649277,-1.4692553819041907,0.5964132450860478
-0.08869581897132242,-0.13498044770418563,-0.5759473598109266
-0.05575778870714557,-0.3194532932282041,-0.42902724956504457
-0.8539724892253201,0.2379852659911527,-0.9516016753469649
-0.7530866829500311,-0.06916465108066219,-0.040877347995905776
0.34716982465138985,-0.7162341349372596,-0.8719799281452069
-0.21615779415877318,-0.4259976849314682,0.5741332515403634
4.672670027898388,2.9037409099238554,-1.7620283517112751
-0.18116671348917818,0.5092833824770794,-0.37473718969232045
4.330566147152975,3.2176327457908385,0.3610268578171322
0.2879509789059569,1.062505433488032,0.1781150923920972
-0.46180414757286226,-0.2527649861809482,2.7306594985174497
-0.14621230229524773,-0.6870287883876987,0.3469475782778652
-0.4340841984867885,-1.2269255639864718,-1.0302942575534348
-0.41976316090256327,-1.4209629385604352,-0.10600842839315526
-0.35515438289337303,-1.274137792923835,-1.8158252504268646
-0.08124837801508238,-0.03300872199934373,-0.09088715325441594
-0.44257675401698104,0.1289643898743817,-0.8563417967713657
0.4516186052620494,-1.272163235557028,0.9223081401036634
-0.6569658485763676,0.3879577154583742,-0.5679284099335059
-0.29210438478389683,-0.5359518320010532,-0.12767807360558636
-0.42246189173789694,-0.11368316445169886,-0.6554318905525812
0.5501998340345969,0.8687732530042493,1.759994126852047
-0.09443520772521878,0.3891651485285697,-0.3356871672482351
0.3361846743358079,-0.39212570944768155,1.8553185410999087
-0.9616219726477717,-0.8095723686586882,0.8193207780157413
-0.05809241907954776,-1.654723173393039,0.48149912735713996
0.2628687206178111,-0.6942335245253539,0.36620776199430044
-0.1533456303173137,-0.3536431534774605,0.39170488454455554
0.35352507547565326,-0.8739244659835317,-1.9698673148920032
-0.46244532790850706,-0.300094272912905,-0.2925960566591602
0.5308000782274301,-0.1605733078430061,0.8508626050487175
0.9893932842921416,-0.3628452076258284,-0.0586369402229113
-0.38282123071547874,-0.6478732771973728,-1.4383589340239296
-0.42543727451057384,-0.09902660420519525,-0.062204793748544755
0.5535026474327488,0.08419060796929509,1.7246480729630265
0.6185566219760518,-0.9431252292727401,1.259536114622688
-0.4653176627075333,0.733824976261888,-0.07197018048952146
-0.4123861800454828,-0.27819233381224306,0.958990044228298
-0.34103520074423854,-0.1994593585390308,-0.38173334062250747
-0.8888751070353746,0.2627066771730669,-1.7422002634056393
-0.6693616689690512,-0.05574311527526232,-0.949330792317965
-0.7134340224610437,0.42690816687178934,1.580991871003122
-0.591591176860657,-0.01960192801556736,-0.28762126644691993
-0.21364700848190918,-0.6226886979811657,-0.25648340585935675
-0.07502023756627128,0.030263707619493055,-0.3139128433292492
0.6035692100557122,-0.9788769650741478,1.9281345908523861
-0.7104507711584847,-0.13931565330927143,1.645151525566854
0.3116854171237486,-0.2343747306948259,2.248213558616256
-0.3060842107213174,-0.3516229130955842,-0.17068772353279493
-0.22126598692898894,-0.2982710872236352,0.29183618505213643
0.15212629055080656,-1.4737315120927434,-1.5517369306961566
-0.7745666356278291,-0.5799743931036109,1.493552706975679
0.0013792613010603942,-0.14985122019207822,-1.196847485085454
-0.10995409109396957,-0.104925173689264,0.21162518124004479
0.05810935369375949,-0.9010736579259593,-1.1251530033588697
-0.0466896535187357,0.6364631013987329,-0.6079343101343387
1.0700237682228735,-0.7928001429233826,-0.8606208339927489
-0.5245421327903549,0.4378498505332149,-0.6272711060043247
-0.4695125218640461,0.07430435714296084,-0.5573308797429924
-0.5170156227261485,-0.6453422486017467,-0.5666349660379266
-0.4821328673659728,0.9781127216073526,0.8388342904697058
-0.5243602232031765,-1.0123381969574516,-1.1328438688883615
0.4172121063771669,0.4041255429910919,0.2154560980427801
0.5365517867648907,0.4587168460152155,1.2301037547024336
-0.49000463887853435,-0.6616958099278681,-0.530956675560221
-0.6248729947685905,0.7214442208129257,-0.7392156890525216
3.058505527040464,3.0679847949387047,-0.151494802289176
-0.4804552826488155,-0.01854972315856133,1.1912093370028192
0.13053178979832597,-0.03757082481548041,0.18856567034201963
-0.0911521642256789,-0.302140252727428,-0.5492858570900498
-0.9771827037610981,0.3314879565142457,0.48334031680992684
0.6020250368564393,0.31987652963934904,-1.1302288189856704
0.730069374572507,-1.384352677039029,0.6842346014135423
-0.5116789041771509,0.6623631532733281,0.4067707301161253
-0.3956389406714671,-1.3266694897689664,-0.32202080101701785
-0.04839259130048107,0.4801461714027797,-0.8619670619519654
-0.023342095595423433,0.5432724878816984,-0.9108930068793102
0.1437358691548661,-0.9435055956354119,0.535160978818872
0.8405620607164713,-0.48751593801503085,1.2413154936292174
-0.2869880152025518,-0.9533864499405447,-0.6572120249898767
-0.6073147843359986,-0.3561845873611866,0.457410042079506
-0.9068510998698845,-0.4186098568358895,-2.1319745286199283
-0.5725847313835466,0.3106057938012463,-0.6036118128769843
-0.2128438513098797,0.6663645752794867,-0.040490542064453
0.7293889684788245,0.7236019845140708,-0.9342928590688351
-0.46261176736080745,-0.5889869695186687,-0.9615791711066186
-0.0803955927538097,-0.3523637415829453,-0.6882102208897273
-0.20423233959143297,-1.3407123073702532,0.2883451425522779
0.41689079615439717,-0.7523704286579699,-0.19946012128283072
1.1069526136379435,0.43476217207903195,-2.2857907264429524
-0.46944643970278294,0.8710273461477694,-2.1662293505191235
-0.4480882306563057,-1.0396324861075432,-0.6262435744706671
0.3425341593649878,-0.6092982614495585,0.4566978303745656
0.1557721423822167,-0.22979960729457383,-2.8038618026567446
0.7562737649480964,-0.024270087827109914,-0.5172578650027833
4.003476473349709,1.8330271382447394,-0.460933319040022
-0.38099290668798325,0.07220370900391927,1.403425592818655
0.10873658531910209,-0.5297693888862443,-0.40056796645198184
0.3758080872970567,-0.22178571498046837,0.38070986243687305
0.2272202911633134,0.15414495901609346,0.13480221161191597
0.06575098717608173,-0.20779094223709113,-2.176266113944513
0.35414078466088517,-0.5046597292009963,0.7725825616876093
0.4070453001758224,-0.28558151627006745,0.2102223003372418
0.5167835209981054,-0.27133714233130224,0.5081536656522156
0.1386659138741106,-0.46016049425149924,3.9851665722664054
-0.28192076023797624,-0.38559941935127545,-2.1290101101434056
-0.12012996095110366,0.8596732943804357,1.745594908806884
0.42623004338933357,0.16395673405004874,-0.30130812322415484
-0.6169235181612097,-0.41019338885198986,0.28339729831299176
-0.0057023327483205965,0.2551577013282791,-0.05519352880365701
-0.3985451333097311,-0.43589685239041187,-0.44045990092032355
-0.18094686586175385,0.5743931900641243,-0.5885716098129569
0.463319018745122,0.035720057375049595,0.3263057666204147
-0.09724780839558415,-0.28403440792154677,-1.5522772532709304
-0.17182618826444376,0.08806315656796611,0.7546499961562728
-0.8968172258598452,-1.2652481237545514,-0.43227905180002063
0.18895295098071313,-0.9675074363449752,-1.1584858463270724
0.13700295403424734,-1.0125313958734559,-0.4666817030968455
0.9194645629838653,-0.11626423760692006,1.2699708095569933
-0.3544357866231564,0.9494213694217922,-0.5534778342877376
-0.08278644342348787,1.2838184169961189,0.3557506587602024
-0.06720013458486492,0.21566757061970418,-0.7524782888351234
0.6174642755193149,0.12368108884321594,0.76211952001144
-0.24489382839889126,-1.419567156634834,0.6884544884930522
-0.05192083317566347,-0.5759175909605818,1.871647618185905
0.11762524901068626,-0.7402449468956651,-0.1874918121652139
-0.0995625255312938,-0.6283271055468582,0.6713104277950006
-0.4259172842510447,-0.32482406752451637,0.09086653062548869
-0.09570588632792794,-0.5285969736302106,1.3093622890156738
0.35772738251720204,-1.5390647488064264,-0.7401449661507759
-0.7249688443181636,0.2893196775748179,0.7489798557424965
-0.12721546015425758,-0.93128820565588,-0.2069556825936061
-0.5567015427878835,-0.051699973108188996,-0.07419207872277697
0.420320824005533,1.178416200637946,0.08444238586963931
-0.9810197114705415,-0.8284731801082518,0.24770265253811974
-0.483908740217309,-1.908459598437895,-0.1271319267043798
4.999847054728278,2.6460011989233756,0.233680188663409
0.611314346855342,0.5260121106295477,1.5964842390044054
2.4321896164570935,4.298320292549729,1.0526282366894553
-0.48198975914086767,-1.0364149400101073,0.8752737569313771
0.7740337630098123,0.12090201664803123,-0.4723038417671469
1.8161176393188694,2.2947067702531716,-0.8609846642093276
-1.3293239878092986,-0.28312679613371433,0.9629078545147959
0.031076417768695828,1.5607320897228578,0.8822850165423521
-0.454591573695636,-1.219722495937924,1.4892153022865016
-0.7222455475684242,-0.04198366802552939,-0.6233091932787111
0.16941571549577975,0.10145569183714362,-0.24240908300078773
-0.07007834279899451,0.515839574179281,-1.6767005760338851
-0.4865672350128291,-0.14640641751478845,-0.4081459439255277
-0.855805635140012,-0.0055724048244525344,1.0048907262566344
0.25401522233505086,-0.47466679765247843,-0.4834489522846361
0.1394347240658587,-0.03166768136725834,0.6426487079372608
-0.2468942693484477,-0.4421805837728719,-0.20268903977406805
0.7562375076354196,0.20461952771655473,0.3207598835378535
-0.7474303655009682,-0.45989185987564024,-1.1764123099052828
-0.982225166073845,0.0407202075329385,0.07778632314526747
-0.5524675973176019,-0.23171504391142247,-3.051701546250948
-0.21926690600612087,0.5428334371904864,-0.19901978357727568
-0.07031614008949723,-0.24655211550570924,-1.6675339977554264
-0.3201310630120221,-1.400778373024012,1.2179324353769765
-0.014269423807390536,0.6339246517759506,0.7819416259305683
-0.840976326237184,-0.819320370044035,0.46583742758443486
0.5485432803010665,-0.6503965871092519,1.5383858280614866
-0.23811747315326617,-0.6114416272563897,-0.9742036966932106
0.3802376808089027,0.7093583662100088,1.7686530111308156
-0.019079377511623863,-1.643901749719906,0.9393996633203376
0.039705814530803955,1.8915222881888276,-0.24953675119450044
0.09796835264756604,0.49590822217437996,1.1463423812268267
0.03504298945697532,-0.06243207138142328,-1.1342993032546278
0.13557934877070488,-0.24889878182389247,-0.8476523439920223
0.48945691296855404,-0.020654552735810613,-0.6279979105796123
-0.09445253316274412,0.13727589575403618,-0.547010634545053
0.1697494256556979,0.22047080600695732,-1.0837042693846024
-0.24202754542385807,0.16039344777410472,1.2353161827579329
0.5466629291598705,-0.15203962836676452,-0.2722210712445776
-0.5444686987246985,-0.34439680076560547,0.34969924872374364
0.7326793970236956,-0.3135136724390606,-0.5890990037683363
-0.21646855611603896,-0.3427675789826601,-1.8609484636655196
-0.9333783284083522,0.5480089997726957,0.2658273943067045
-0.12972366443419914,0.18583751428595766,-1.9541833789662835
-0.546870752680738,-2.1834008270160594,-0.07871474803666428
0.23761415231847602,0.22763440381296193,-1.4008471307457449
-0.5322153313350134,-0.08154095078889434,2.012710195482517
-0.4257883073832894,-0.22463936091649894,0.9182110125903021
-1.1698873935739196,-0.472568296928465,0.09868555881313573
-0.42894486044893165,0.5415344719371069,1.2766415474611055
-1.4453568572954323,0.42314697852150734,-0.8698307762491924
-1.012320803510865,-0.7302515648920158,0.5439726539307713
3.759240398326072,3.336492840467443,0.26511586331730513
0.20934054556969492,-0.8635176283839712,0.25968582607112767
0.023571853739193134,-1.1370243651012162,1.2854377397846488
-0.6942744127650509,-0.6322622382007311,0.7362504857095115
-0.22036258993376065,0.36607186189427343,0.2848161505437256
-0.19762301566998938,0.4269003976496359,-1.692369934188642
-0.7929416259748187,0.1318877003384611,-0.9855257328704102
0.579286451122287,0.27402433204163945,-0.13372375429867422
0.25654389487347157,0.13396122960466794,0.08609025854788947
-0.3096802270316863,-0.6421606122432502,-1.1586225534105006
-0.18190523441913461,0.07747423976657712,2.444442197853886
-0.08833746089788568,0.32451639645493474,1.5336939830123444
-1.2483485748764043,0.29359769631373756,0.6036245563372802
-0.3231940151032279,0.5849783208201933,0.06438618440427504
-0.5473515343672855,0.2627666290445751,-0.2247698624693511
-0.7121344877741964,0.023522391119527766,-0.9772574930062659
-0.34068241291261087,0.505356781664638,0.06992387830845834
0.7310018993378715,-0.22987704268948006,0.25331001599564024
0.13461019800464918,-0.8033256523732393,-1.2721064973851879
-0.49022770819304096,-0.32142042727153464,0.3310540803412567
0.09941983788742906,-0.7114964652975055,-0.16683615776180108
